IP地址,数据中心,地区,城市,网络延迟
104.18.181.229,HKG,Asia Pacific,Hong Kong,57 ms
104.18.227.246,HKG,Asia Pacific,Hong Kong,57 ms
104.18.74.133,HKG,Asia Pacific,Hong Kong,57 ms
104.17.193.163,HKG,Asia Pacific,Hong Kong,58 ms
104.17.143.196,HKG,Asia Pacific,Hong Kong,58 ms
104.18.87.44,HKG,Asia Pacific,Hong Kong,58 ms
104.18.160.58,HKG,Asia Pacific,Hong Kong,58 ms
104.19.209.227,HKG,Asia Pacific,Hong Kong,59 ms
104.25.251.136,HKG,Asia Pacific,Hong Kong,59 ms
104.19.221.240,HKG,Asia Pacific,Hong Kong,59 ms
104.17.192.234,HKG,Asia Pacific,Hong Kong,59 ms
104.17.101.220,HKG,Asia Pacific,Hong Kong,60 ms
104.25.255.47,HKG,Asia Pacific,Hong Kong,60 ms
104.17.175.210,HKG,Asia Pacific,Hong Kong,60 ms
104.18.92.24,HKG,Asia Pacific,Hong Kong,60 ms
104.19.219.38,HKG,Asia Pacific,Hong Kong,60 ms
104.18.95.190,HKG,Asia Pacific,Hong Kong,61 ms
104.18.93.100,HKG,Asia Pacific,Hong Kong,61 ms
104.16.255.79,HKG,Asia Pacific,Hong Kong,61 ms
104.16.248.100,HKG,Asia Pacific,Hong Kong,61 ms
104.16.250.215,HKG,Asia Pacific,Hong Kong,61 ms
104.18.161.13,HKG,Asia Pacific,Hong Kong,61 ms
104.17.214.58,HKG,Asia Pacific,Hong Kong,62 ms
104.25.246.213,HKG,Asia Pacific,Hong Kong,62 ms
104.18.76.108,HKG,Asia Pacific,Hong Kong,63 ms
104.18.152.9,HKG,Asia Pacific,Hong Kong,63 ms
104.17.165.83,HKG,Asia Pacific,Hong Kong,63 ms
104.18.225.249,HKG,Asia Pacific,Hong Kong,63 ms
104.18.164.151,HKG,Asia Pacific,Hong Kong,63 ms
104.17.111.184,HKG,Asia Pacific,Hong Kong,63 ms
104.18.179.21,HKG,Asia Pacific,Hong Kong,63 ms
104.19.222.200,HKG,Asia Pacific,Hong Kong,64 ms
104.25.252.92,HKG,Asia Pacific,Hong Kong,64 ms
104.19.218.93,HKG,Asia Pacific,Hong Kong,64 ms
104.18.145.29,HKG,Asia Pacific,Hong Kong,64 ms
104.19.155.122,HKG,Asia Pacific,Hong Kong,64 ms
104.17.170.153,HKG,Asia Pacific,Hong Kong,64 ms
104.16.243.183,HKG,Asia Pacific,Hong Kong,64 ms
104.16.253.243,HKG,Asia Pacific,Hong Kong,64 ms
104.18.73.128,HKG,Asia Pacific,Hong Kong,64 ms
104.18.166.12,HKG,Asia Pacific,Hong Kong,64 ms
104.18.77.113,HKG,Asia Pacific,Hong Kong,65 ms
104.16.244.104,HKG,Asia Pacific,Hong Kong,65 ms
104.17.168.107,HKG,Asia Pacific,Hong Kong,65 ms
104.16.246.61,HKG,Asia Pacific,Hong Kong,65 ms
104.25.245.205,HKG,Asia Pacific,Hong Kong,65 ms
104.18.81.212,HKG,Asia Pacific,Hong Kong,65 ms
104.17.177.254,HKG,Asia Pacific,Hong Kong,65 ms
104.16.15.103,HKG,Asia Pacific,Hong Kong,66 ms
104.25.249.152,HKG,Asia Pacific,Hong Kong,66 ms
104.19.152.132,HKG,Asia Pacific,Hong Kong,66 ms
104.18.239.165,HKG,Asia Pacific,Hong Kong,66 ms
162.159.34.76,HKG,Asia Pacific,Hong Kong,66 ms
104.17.140.67,HKG,Asia Pacific,Hong Kong,67 ms
104.17.163.24,HKG,Asia Pacific,Hong Kong,67 ms
104.17.216.44,HKG,Asia Pacific,Hong Kong,67 ms
104.18.177.31,HKG,Asia Pacific,Hong Kong,67 ms
104.17.212.225,HKG,Asia Pacific,Hong Kong,67 ms
104.19.156.81,HKG,Asia Pacific,Hong Kong,67 ms
104.17.173.217,HKG,Asia Pacific,Hong Kong,67 ms
104.16.241.80,HKG,Asia Pacific,Hong Kong,67 ms
104.19.215.117,HKG,Asia Pacific,Hong Kong,67 ms
104.18.94.98,HKG,Asia Pacific,Hong Kong,67 ms
104.19.217.40,HKG,Asia Pacific,Hong Kong,67 ms
104.17.197.16,HKG,Asia Pacific,Hong Kong,67 ms
104.17.110.56,HKG,Asia Pacific,Hong Kong,67 ms
104.18.88.18,HKG,Asia Pacific,Hong Kong,68 ms
104.17.132.66,HKG,Asia Pacific,Hong Kong,68 ms
104.25.250.155,HKG,Asia Pacific,Hong Kong,68 ms
104.17.191.75,HKG,Asia Pacific,Hong Kong,68 ms
104.18.149.83,HKG,Asia Pacific,Hong Kong,68 ms
104.18.233.1,HKG,Asia Pacific,Hong Kong,68 ms
104.18.182.156,HKG,Asia Pacific,Hong Kong,68 ms
104.18.157.19,HKG,Asia Pacific,Hong Kong,68 ms
104.25.254.79,HKG,Asia Pacific,Hong Kong,68 ms
104.17.205.143,HKG,Asia Pacific,Hong Kong,68 ms
104.17.195.17,HKG,Asia Pacific,Hong Kong,68 ms
162.159.60.44,HKG,Asia Pacific,Hong Kong,68 ms
104.17.135.130,HKG,Asia Pacific,Hong Kong,68 ms
104.16.0.49,HKG,Asia Pacific,Hong Kong,68 ms
104.19.208.19,HKG,Asia Pacific,Hong Kong,68 ms
104.18.238.70,HKG,Asia Pacific,Hong Kong,68 ms
104.18.167.25,HKG,Asia Pacific,Hong Kong,68 ms
104.18.89.206,HKG,Asia Pacific,Hong Kong,69 ms
104.19.148.134,HKG,Asia Pacific,Hong Kong,69 ms
104.17.139.85,HKG,Asia Pacific,Hong Kong,69 ms
104.25.253.180,HKG,Asia Pacific,Hong Kong,69 ms
104.18.91.138,HKG,Asia Pacific,Hong Kong,69 ms
104.19.220.118,HKG,Asia Pacific,Hong Kong,69 ms
104.17.184.10,HKG,Asia Pacific,Hong Kong,69 ms
104.25.247.65,HKG,Asia Pacific,Hong Kong,69 ms
104.17.102.7,HKG,Asia Pacific,Hong Kong,69 ms
104.17.171.116,HKG,Asia Pacific,Hong Kong,69 ms
104.17.53.82,HKG,Asia Pacific,Hong Kong,69 ms
104.18.158.233,HKG,Asia Pacific,Hong Kong,69 ms
104.19.147.205,HKG,Asia Pacific,Hong Kong,69 ms
104.17.208.181,HKG,Asia Pacific,Hong Kong,69 ms
104.17.180.131,HKG,Asia Pacific,Hong Kong,70 ms
104.16.251.101,HKG,Asia Pacific,Hong Kong,70 ms
104.19.150.172,HKG,Asia Pacific,Hong Kong,70 ms
104.17.54.221,HKG,Asia Pacific,Hong Kong,70 ms
104.18.154.53,HKG,Asia Pacific,Hong Kong,70 ms
104.25.243.197,HKG,Asia Pacific,Hong Kong,71 ms
104.25.242.228,HKG,Asia Pacific,Hong Kong,71 ms
104.17.174.14,HKG,Asia Pacific,Hong Kong,71 ms
104.17.186.79,HKG,Asia Pacific,Hong Kong,71 ms
104.16.9.56,HKG,Asia Pacific,Hong Kong,71 ms
104.17.199.234,HKG,Asia Pacific,Hong Kong,71 ms
104.25.244.226,HKG,Asia Pacific,Hong Kong,71 ms
104.18.186.218,HKG,Asia Pacific,Hong Kong,71 ms
104.18.163.246,HKG,Asia Pacific,Hong Kong,71 ms
104.18.86.25,HKG,Asia Pacific,Hong Kong,71 ms
104.18.84.252,HKG,Asia Pacific,Hong Kong,71 ms
104.18.162.24,HKG,Asia Pacific,Hong Kong,71 ms
104.18.168.71,HKG,Asia Pacific,Hong Kong,72 ms
104.17.142.206,HKG,Asia Pacific,Hong Kong,72 ms
104.17.176.192,HKG,Asia Pacific,Hong Kong,72 ms
104.17.103.49,HKG,Asia Pacific,Hong Kong,72 ms
104.18.174.35,HKG,Asia Pacific,Hong Kong,72 ms
104.18.226.73,HKG,Asia Pacific,Hong Kong,72 ms
104.19.159.146,HKG,Asia Pacific,Hong Kong,72 ms
104.17.222.77,HKG,Asia Pacific,Hong Kong,72 ms
104.17.98.7,HKG,Asia Pacific,Hong Kong,73 ms
104.17.162.142,HKG,Asia Pacific,Hong Kong,73 ms
104.17.137.206,HKG,Asia Pacific,Hong Kong,73 ms
104.17.164.199,HKG,Asia Pacific,Hong Kong,73 ms
104.18.72.191,HKG,Asia Pacific,Hong Kong,73 ms
104.17.194.212,HKG,Asia Pacific,Hong Kong,73 ms
104.19.158.127,HKG,Asia Pacific,Hong Kong,74 ms
104.17.198.243,HKG,Asia Pacific,Hong Kong,74 ms
104.18.80.9,HKG,Asia Pacific,Hong Kong,74 ms
104.17.99.138,HKG,Asia Pacific,Hong Kong,74 ms
104.17.107.57,HKG,Asia Pacific,Hong Kong,74 ms
104.17.52.104,HKG,Asia Pacific,Hong Kong,74 ms
104.18.151.44,HKG,Asia Pacific,Hong Kong,74 ms
104.17.134.222,HKG,Asia Pacific,Hong Kong,74 ms
104.18.148.132,HKG,Asia Pacific,Hong Kong,74 ms
104.17.211.162,HKG,Asia Pacific,Hong Kong,75 ms
104.17.166.135,HKG,Asia Pacific,Hong Kong,75 ms
104.17.207.8,HKG,Asia Pacific,Hong Kong,75 ms
104.17.167.17,HKG,Asia Pacific,Hong Kong,75 ms
104.19.149.204,HKG,Asia Pacific,Hong Kong,75 ms
104.19.151.114,HKG,Asia Pacific,Hong Kong,75 ms
104.17.218.135,HKG,Asia Pacific,Hong Kong,76 ms
104.25.248.94,HKG,Asia Pacific,Hong Kong,76 ms
104.18.70.47,HKG,Asia Pacific,Hong Kong,76 ms
104.18.79.29,HKG,Asia Pacific,Hong Kong,76 ms
104.17.138.30,HKG,Asia Pacific,Hong Kong,76 ms
104.17.187.146,HKG,Asia Pacific,Hong Kong,77 ms
104.17.105.57,HKG,Asia Pacific,Hong Kong,77 ms
104.18.82.4,HKG,Asia Pacific,Hong Kong,77 ms
104.17.178.158,HKG,Asia Pacific,Hong Kong,77 ms
104.17.209.72,HKG,Asia Pacific,Hong Kong,77 ms
104.18.153.248,HKG,Asia Pacific,Hong Kong,77 ms
104.16.240.87,HKG,Asia Pacific,Hong Kong,77 ms
104.19.157.12,HKG,Asia Pacific,Hong Kong,77 ms
104.19.154.32,HKG,Asia Pacific,Hong Kong,77 ms
104.17.179.80,HKG,Asia Pacific,Hong Kong,78 ms
104.18.75.74,HKG,Asia Pacific,Hong Kong,78 ms
104.17.97.160,HKG,Asia Pacific,Hong Kong,78 ms
104.17.51.106,HKG,Asia Pacific,Hong Kong,78 ms
104.17.63.157,HKG,Asia Pacific,Hong Kong,78 ms
104.17.62.70,HKG,Asia Pacific,Hong Kong,78 ms
104.17.160.210,HKG,Asia Pacific,Hong Kong,78 ms
104.25.241.218,HKG,Asia Pacific,Hong Kong,79 ms
104.18.234.251,HKG,Asia Pacific,Hong Kong,79 ms
104.17.202.214,HKG,Asia Pacific,Hong Kong,80 ms
104.17.201.62,HKG,Asia Pacific,Hong Kong,80 ms
104.16.14.103,HKG,Asia Pacific,Hong Kong,80 ms
104.18.224.0,HKG,Asia Pacific,Hong Kong,80 ms
104.19.146.247,HKG,Asia Pacific,Hong Kong,80 ms
104.25.240.56,HKG,Asia Pacific,Hong Kong,80 ms
104.19.211.2,HKG,Asia Pacific,Hong Kong,81 ms
104.19.210.25,HKG,Asia Pacific,Hong Kong,81 ms
104.17.185.183,HKG,Asia Pacific,Hong Kong,81 ms
104.17.141.145,HKG,Asia Pacific,Hong Kong,82 ms
104.18.156.198,HKG,Asia Pacific,Hong Kong,82 ms
104.17.203.27,HKG,Asia Pacific,Hong Kong,82 ms
104.16.2.102,HKG,Asia Pacific,Hong Kong,82 ms
104.17.182.18,HKG,Asia Pacific,Hong Kong,83 ms
104.18.231.108,HKG,Asia Pacific,Hong Kong,85 ms
104.17.108.12,HKG,Asia Pacific,Hong Kong,85 ms
104.17.48.50,HKG,Asia Pacific,Hong Kong,85 ms
104.18.64.110,HKG,Asia Pacific,Hong Kong,85 ms
104.18.173.98,HKG,Asia Pacific,Hong Kong,86 ms
104.19.153.173,HKG,Asia Pacific,Hong Kong,87 ms
104.17.129.247,HKG,Asia Pacific,Hong Kong,87 ms
104.17.183.149,HKG,Asia Pacific,Hong Kong,87 ms
104.16.10.242,HKG,Asia Pacific,Hong Kong,87 ms
104.17.200.7,HKG,Asia Pacific,Hong Kong,88 ms
104.18.235.238,HKG,Asia Pacific,Hong Kong,88 ms
104.18.236.226,HKG,Asia Pacific,Hong Kong,90 ms
104.16.8.255,HKG,Asia Pacific,Hong Kong,95 ms
104.17.58.200,HKG,Asia Pacific,Hong Kong,121 ms
104.20.13.14,LAX,North America,Los Angeles,170 ms
172.67.236.195,LAX,North America,Los Angeles,172 ms
104.20.8.188,LAX,North America,Los Angeles,172 ms
104.20.116.107,LAX,North America,Los Angeles,172 ms
104.20.140.240,LAX,North America,Los Angeles,173 ms
104.20.215.225,LAX,North America,Los Angeles,173 ms
104.24.47.238,LAX,North America,Los Angeles,173 ms
104.20.41.26,LAX,North America,Los Angeles,173 ms
104.21.123.53,LAX,North America,Los Angeles,173 ms
104.25.2.79,LAX,North America,Los Angeles,173 ms
104.20.232.190,LAX,North America,Los Angeles,173 ms
104.20.176.103,LAX,North America,Los Angeles,173 ms
104.20.87.103,LAX,North America,Los Angeles,173 ms
172.67.200.33,LAX,North America,Los Angeles,173 ms
104.24.216.139,LAX,North America,Los Angeles,173 ms
104.24.147.206,LAX,North America,Los Angeles,173 ms
172.67.89.190,LAX,North America,Los Angeles,174 ms
104.24.16.65,LAX,North America,Los Angeles,174 ms
104.24.87.196,LAX,North America,Los Angeles,174 ms
104.24.19.173,LAX,North America,Los Angeles,174 ms
104.25.231.91,LAX,North America,Los Angeles,174 ms
104.25.105.221,LAX,North America,Los Angeles,174 ms
104.27.81.165,LAX,North America,Los Angeles,174 ms
104.27.20.182,LAX,North America,Los Angeles,174 ms
172.67.178.104,LAX,North America,Los Angeles,174 ms
104.27.62.187,LAX,North America,Los Angeles,174 ms
172.67.80.133,LAX,North America,Los Angeles,174 ms
104.20.130.212,LAX,North America,Los Angeles,174 ms
104.25.138.249,LAX,North America,Los Angeles,174 ms
172.67.82.219,LAX,North America,Los Angeles,175 ms
104.25.82.10,LAX,North America,Los Angeles,175 ms
104.19.64.198,LAX,North America,Los Angeles,175 ms
104.19.66.166,LAX,North America,Los Angeles,175 ms
172.67.193.28,LAX,North America,Los Angeles,175 ms
104.27.75.107,LAX,North America,Los Angeles,175 ms
104.25.48.245,LAX,North America,Los Angeles,175 ms
104.24.238.216,LAX,North America,Los Angeles,175 ms
104.20.210.42,LAX,North America,Los Angeles,175 ms
104.19.21.122,LAX,North America,Los Angeles,175 ms
104.19.77.52,LAX,North America,Los Angeles,175 ms
104.24.194.230,LAX,North America,Los Angeles,175 ms
104.27.99.254,LAX,North America,Los Angeles,175 ms
104.20.139.29,LAX,North America,Los Angeles,175 ms
104.25.62.191,LAX,North America,Los Angeles,175 ms
104.24.34.33,LAX,North America,Los Angeles,175 ms
104.20.159.126,LAX,North America,Los Angeles,175 ms
104.25.77.119,LAX,North America,Los Angeles,175 ms
104.25.194.157,LAX,North America,Los Angeles,175 ms
104.21.116.176,LAX,North America,Los Angeles,176 ms
172.67.34.35,LAX,North America,Los Angeles,176 ms
104.24.139.177,LAX,North America,Los Angeles,176 ms
104.20.148.88,LAX,North America,Los Angeles,176 ms
104.24.252.109,LAX,North America,Los Angeles,176 ms
104.19.85.19,LAX,North America,Los Angeles,176 ms
104.19.112.181,LAX,North America,Los Angeles,176 ms
104.20.243.194,LAX,North America,Los Angeles,176 ms
104.21.54.152,LAX,North America,Los Angeles,176 ms
104.27.78.191,LAX,North America,Los Angeles,176 ms
104.25.88.241,LAX,North America,Los Angeles,176 ms
104.20.149.78,LAX,North America,Los Angeles,176 ms
104.27.43.186,LAX,North America,Los Angeles,176 ms
104.24.86.255,LAX,North America,Los Angeles,176 ms
104.25.106.171,LAX,North America,Los Angeles,176 ms
104.27.27.152,LAX,North America,Los Angeles,176 ms
104.25.64.199,LAX,North America,Los Angeles,176 ms
104.21.103.141,LAX,North America,Los Angeles,177 ms
104.25.49.224,LAX,North America,Los Angeles,177 ms
104.22.76.22,LAX,North America,Los Angeles,177 ms
104.27.41.140,LAX,North America,Los Angeles,177 ms
104.19.67.24,LAX,North America,Los Angeles,177 ms
104.24.215.121,LAX,North America,Los Angeles,177 ms
104.19.31.94,LAX,North America,Los Angeles,177 ms
172.67.250.214,LAX,North America,Los Angeles,177 ms
172.67.88.80,LAX,North America,Los Angeles,177 ms
104.27.98.188,LAX,North America,Los Angeles,177 ms
104.27.50.159,LAX,North America,Los Angeles,177 ms
104.19.122.62,LAX,North America,Los Angeles,177 ms
104.25.149.221,LAX,North America,Los Angeles,177 ms
104.19.83.25,LAX,North America,Los Angeles,177 ms
104.20.42.71,LAX,North America,Los Angeles,177 ms
104.21.6.102,LAX,North America,Los Angeles,177 ms
172.67.183.178,LAX,North America,Los Angeles,177 ms
104.20.231.7,LAX,North America,Los Angeles,177 ms
104.21.209.44,LAX,North America,Los Angeles,177 ms
172.67.106.242,LAX,North America,Los Angeles,177 ms
104.19.107.191,LAX,North America,Los Angeles,177 ms
104.20.185.100,LAX,North America,Los Angeles,177 ms
172.67.37.184,LAX,North America,Los Angeles,177 ms
104.20.227.8,LAX,North America,Los Angeles,177 ms
104.24.164.6,LAX,North America,Los Angeles,177 ms
104.24.56.89,LAX,North America,Los Angeles,177 ms
104.25.29.230,LAX,North America,Los Angeles,177 ms
104.19.62.58,LAX,North America,Los Angeles,177 ms
172.67.197.245,LAX,North America,Los Angeles,178 ms
104.25.133.215,LAX,North America,Los Angeles,178 ms
104.22.47.193,LAX,North America,Los Angeles,178 ms
104.21.213.200,LAX,North America,Los Angeles,178 ms
104.19.117.116,LAX,North America,Los Angeles,178 ms
104.20.86.47,LAX,North America,Los Angeles,178 ms
104.25.146.176,LAX,North America,Los Angeles,178 ms
104.20.137.122,LAX,North America,Los Angeles,178 ms
104.24.157.100,LAX,North America,Los Angeles,178 ms
104.27.42.248,LAX,North America,Los Angeles,178 ms
104.25.119.199,LAX,North America,Los Angeles,178 ms
104.21.12.154,LAX,North America,Los Angeles,178 ms
104.20.240.69,LAX,North America,Los Angeles,178 ms
104.20.187.237,LAX,North America,Los Angeles,178 ms
172.67.26.207,LAX,North America,Los Angeles,178 ms
104.25.116.208,LAX,North America,Los Angeles,178 ms
104.24.70.4,LAX,North America,Los Angeles,178 ms
104.25.72.130,LAX,North America,Los Angeles,178 ms
172.67.248.174,LAX,North America,Los Angeles,178 ms
104.20.239.157,LAX,North America,Los Angeles,178 ms
104.20.191.120,LAX,North America,Los Angeles,178 ms
104.20.228.49,LAX,North America,Los Angeles,178 ms
104.20.71.76,LAX,North America,Los Angeles,178 ms
104.27.193.62,LAX,North America,Los Angeles,178 ms
104.20.226.23,LAX,North America,Los Angeles,178 ms
104.27.110.221,LAX,North America,Los Angeles,178 ms
104.20.111.151,LAX,North America,Los Angeles,178 ms
104.25.158.190,LAX,North America,Los Angeles,178 ms
172.67.19.149,LAX,North America,Los Angeles,178 ms
104.27.10.107,LAX,North America,Los Angeles,178 ms
104.24.60.110,LAX,North America,Los Angeles,179 ms
104.19.106.184,LAX,North America,Los Angeles,179 ms
162.159.249.135,LAX,North America,Los Angeles,179 ms
162.159.39.50,LAX,North America,Los Angeles,179 ms
104.20.157.232,LAX,North America,Los Angeles,179 ms
104.25.188.125,LAX,North America,Los Angeles,179 ms
172.67.202.91,LAX,North America,Los Angeles,179 ms
104.24.152.55,LAX,North America,Los Angeles,179 ms
104.27.4.250,LAX,North America,Los Angeles,179 ms
104.19.72.211,LAX,North America,Los Angeles,179 ms
104.20.99.53,LAX,North America,Los Angeles,179 ms
104.27.91.34,LAX,North America,Los Angeles,179 ms
104.24.251.177,LAX,North America,Los Angeles,179 ms
104.27.6.24,LAX,North America,Los Angeles,179 ms
104.20.128.130,LAX,North America,Los Angeles,179 ms
104.19.38.129,LAX,North America,Los Angeles,179 ms
172.66.165.116,LAX,North America,Los Angeles,179 ms
104.20.12.164,LAX,North America,Los Angeles,179 ms
104.25.145.129,LAX,North America,Los Angeles,179 ms
104.20.233.41,LAX,North America,Los Angeles,179 ms
104.20.110.179,LAX,North America,Los Angeles,179 ms
104.27.16.248,LAX,North America,Los Angeles,179 ms
104.20.179.129,LAX,North America,Los Angeles,179 ms
104.24.6.74,LAX,North America,Los Angeles,179 ms
104.20.193.155,LAX,North America,Los Angeles,179 ms
104.27.90.38,LAX,North America,Los Angeles,179 ms
104.25.76.15,LAX,North America,Los Angeles,179 ms
104.21.106.34,LAX,North America,Los Angeles,179 ms
104.21.198.35,LAX,North America,Los Angeles,179 ms
104.20.68.151,LAX,North America,Los Angeles,179 ms
104.24.49.197,LAX,North America,Los Angeles,180 ms
172.67.233.205,LAX,North America,Los Angeles,180 ms
104.20.218.143,LAX,North America,Los Angeles,180 ms
104.21.97.71,LAX,North America,Los Angeles,180 ms
104.22.75.160,LAX,North America,Los Angeles,180 ms
104.20.158.33,LAX,North America,Los Angeles,180 ms
104.20.127.241,LAX,North America,Los Angeles,180 ms
104.24.247.201,LAX,North America,Los Angeles,180 ms
104.27.79.102,LAX,North America,Los Angeles,180 ms
172.67.57.168,LAX,North America,Los Angeles,180 ms
104.21.195.149,LAX,North America,Los Angeles,180 ms
172.67.189.245,LAX,North America,Los Angeles,180 ms
104.19.23.209,LAX,North America,Los Angeles,180 ms
104.24.254.246,LAX,North America,Los Angeles,180 ms
104.20.4.97,LAX,North America,Los Angeles,180 ms
104.20.198.162,LAX,North America,Los Angeles,180 ms
104.25.164.179,LAX,North America,Los Angeles,180 ms
104.27.25.48,LAX,North America,Los Angeles,180 ms
104.20.3.233,LAX,North America,Los Angeles,180 ms
104.27.203.185,LAX,North America,Los Angeles,180 ms
104.20.146.230,LAX,North America,Los Angeles,180 ms
104.24.175.216,LAX,North America,Los Angeles,180 ms
104.20.125.222,LAX,North America,Los Angeles,180 ms
104.18.38.78,LAX,North America,Los Angeles,180 ms
104.19.193.231,LAX,North America,Los Angeles,180 ms
104.19.114.32,LAX,North America,Los Angeles,180 ms
104.19.68.217,LAX,North America,Los Angeles,180 ms
104.25.202.55,LAX,North America,Los Angeles,180 ms
104.25.232.203,LAX,North America,Los Angeles,180 ms
104.20.230.189,LAX,North America,Los Angeles,180 ms
104.19.40.34,LAX,North America,Los Angeles,180 ms
104.20.45.203,LAX,North America,Los Angeles,180 ms
104.22.46.116,LAX,North America,Los Angeles,180 ms
104.25.28.59,LAX,North America,Los Angeles,180 ms
104.25.51.119,LAX,North America,Los Angeles,180 ms
104.22.8.228,SJC,North America,San Jose,180 ms
104.25.195.86,LAX,North America,Los Angeles,180 ms
104.20.11.159,LAX,North America,Los Angeles,180 ms
104.25.190.134,LAX,North America,Los Angeles,180 ms
104.20.144.70,LAX,North America,Los Angeles,180 ms
172.67.95.149,LAX,North America,Los Angeles,181 ms
104.24.17.75,LAX,North America,Los Angeles,181 ms
104.20.152.128,LAX,North America,Los Angeles,181 ms
172.67.22.104,LAX,North America,Los Angeles,181 ms
104.24.236.34,LAX,North America,Los Angeles,181 ms
104.25.52.163,LAX,North America,Los Angeles,181 ms
104.19.36.93,LAX,North America,Los Angeles,181 ms
104.24.1.238,LAX,North America,Los Angeles,181 ms
104.25.161.105,LAX,North America,Los Angeles,181 ms
172.67.98.233,LAX,North America,Los Angeles,181 ms
104.18.40.245,LAX,North America,Los Angeles,181 ms
172.67.114.86,LAX,North America,Los Angeles,181 ms
104.25.17.46,LAX,North America,Los Angeles,181 ms
104.24.95.47,LAX,North America,Los Angeles,181 ms
104.27.33.164,LAX,North America,Los Angeles,181 ms
172.67.110.0,LAX,North America,Los Angeles,181 ms
104.20.39.224,LAX,North America,Los Angeles,181 ms
104.24.130.186,LAX,North America,Los Angeles,181 ms
104.25.233.153,LAX,North America,Los Angeles,181 ms
172.67.244.25,LAX,North America,Los Angeles,181 ms
104.20.237.229,LAX,North America,Los Angeles,181 ms
104.20.40.16,LAX,North America,Los Angeles,181 ms
104.20.173.90,LAX,North America,Los Angeles,181 ms
104.19.124.24,LAX,North America,Los Angeles,181 ms
104.24.249.206,LAX,North America,Los Angeles,181 ms
104.21.5.220,LAX,North America,Los Angeles,181 ms
104.21.197.95,LAX,North America,Los Angeles,181 ms
104.25.8.92,LAX,North America,Los Angeles,181 ms
104.20.89.244,LAX,North America,Los Angeles,181 ms
104.20.246.168,LAX,North America,Los Angeles,181 ms
104.25.166.152,LAX,North America,Los Angeles,181 ms
104.25.104.20,LAX,North America,Los Angeles,181 ms
104.22.39.106,LAX,North America,Los Angeles,181 ms
162.159.242.123,LAX,North America,Los Angeles,181 ms
104.24.221.190,LAX,North America,Los Angeles,181 ms
104.24.239.185,LAX,North America,Los Angeles,181 ms
104.24.69.62,LAX,North America,Los Angeles,181 ms
104.21.120.10,LAX,North America,Los Angeles,181 ms
172.67.249.34,LAX,North America,Los Angeles,181 ms
104.25.26.226,LAX,North America,Los Angeles,181 ms
104.25.113.97,LAX,North America,Los Angeles,181 ms
104.20.252.20,LAX,North America,Los Angeles,181 ms
172.66.134.162,LAX,North America,Los Angeles,181 ms
104.18.43.240,LAX,North America,Los Angeles,181 ms
172.67.109.66,LAX,North America,Los Angeles,181 ms
104.20.29.144,LAX,North America,Los Angeles,182 ms
104.27.127.16,LAX,North America,Los Angeles,182 ms
104.25.192.174,LAX,North America,Los Angeles,182 ms
104.25.63.254,LAX,North America,Los Angeles,182 ms
104.21.117.130,LAX,North America,Los Angeles,182 ms
172.67.196.23,LAX,North America,Los Angeles,182 ms
172.67.25.3,LAX,North America,Los Angeles,182 ms
104.20.115.140,LAX,North America,Los Angeles,182 ms
172.67.17.200,LAX,North America,Los Angeles,182 ms
104.25.7.41,LAX,North America,Los Angeles,182 ms
104.27.35.205,LAX,North America,Los Angeles,182 ms
104.20.220.64,LAX,North America,Los Angeles,182 ms
104.25.227.39,LAX,North America,Los Angeles,182 ms
104.19.196.241,LAX,North America,Los Angeles,182 ms
104.19.19.144,LAX,North America,Los Angeles,182 ms
104.24.43.176,LAX,North America,Los Angeles,182 ms
104.19.39.24,LAX,North America,Los Angeles,182 ms
104.19.33.97,LAX,North America,Los Angeles,182 ms
104.22.69.229,LAX,North America,Los Angeles,182 ms
104.27.205.197,LAX,North America,Los Angeles,182 ms
172.67.20.70,LAX,North America,Los Angeles,182 ms
104.24.176.115,LAX,North America,Los Angeles,182 ms
104.25.127.248,LAX,North America,Los Angeles,182 ms
104.18.36.87,LAX,North America,Los Angeles,182 ms
104.20.216.145,LAX,North America,Los Angeles,182 ms
104.20.30.10,LAX,North America,Los Angeles,182 ms
104.27.77.194,LAX,North America,Los Angeles,182 ms
172.67.40.26,LAX,North America,Los Angeles,182 ms
104.24.206.0,LAX,North America,Los Angeles,182 ms
104.24.200.164,LAX,North America,Los Angeles,182 ms
104.24.245.248,LAX,North America,Los Angeles,182 ms
104.24.15.224,LAX,North America,Los Angeles,182 ms
104.20.204.52,LAX,North America,Los Angeles,182 ms
104.25.81.129,LAX,North America,Los Angeles,182 ms
104.25.228.3,LAX,North America,Los Angeles,182 ms
104.22.38.4,LAX,North America,Los Angeles,182 ms
104.21.221.198,LAX,North America,Los Angeles,182 ms
104.24.39.154,LAX,North America,Los Angeles,182 ms
104.20.35.72,LAX,North America,Los Angeles,182 ms
104.24.40.30,LAX,North America,Los Angeles,182 ms
172.67.229.234,LAX,North America,Los Angeles,183 ms
104.25.10.151,LAX,North America,Los Angeles,183 ms
104.21.215.126,LAX,North America,Los Angeles,183 ms
104.25.142.29,LAX,North America,Los Angeles,183 ms
104.20.105.48,LAX,North America,Los Angeles,183 ms
104.27.119.252,LAX,North America,Los Angeles,183 ms
104.19.203.230,LAX,North America,Los Angeles,183 ms
104.19.96.203,LAX,North America,Los Angeles,183 ms
172.67.18.198,LAX,North America,Los Angeles,183 ms
172.67.48.158,LAX,North America,Los Angeles,183 ms
172.66.1.3,LAX,North America,Los Angeles,183 ms
104.20.178.220,LAX,North America,Los Angeles,183 ms
104.20.2.144,LAX,North America,Los Angeles,183 ms
172.67.24.14,LAX,North America,Los Angeles,183 ms
104.24.5.161,LAX,North America,Los Angeles,183 ms
104.25.109.210,LAX,North America,Los Angeles,183 ms
104.25.45.216,LAX,North America,Los Angeles,183 ms
104.27.72.175,LAX,North America,Los Angeles,183 ms
104.24.241.197,LAX,North America,Los Angeles,183 ms
172.67.42.238,LAX,North America,Los Angeles,183 ms
104.27.108.26,LAX,North America,Los Angeles,183 ms
104.19.4.90,LAX,North America,Los Angeles,183 ms
104.24.76.198,LAX,North America,Los Angeles,183 ms
104.27.7.183,LAX,North America,Los Angeles,183 ms
162.159.36.180,LAX,North America,Los Angeles,183 ms
104.24.7.77,LAX,North America,Los Angeles,183 ms
104.18.44.223,LAX,North America,Los Angeles,183 ms
104.24.182.172,LAX,North America,Los Angeles,183 ms
104.22.68.58,LAX,North America,Los Angeles,183 ms
104.20.27.162,LAX,North America,Los Angeles,183 ms
104.25.117.3,LAX,North America,Los Angeles,183 ms
104.24.132.137,LAX,North America,Los Angeles,183 ms
104.27.82.20,LAX,North America,Los Angeles,183 ms
104.20.165.182,LAX,North America,Los Angeles,183 ms
104.20.184.46,LAX,North America,Los Angeles,183 ms
104.25.60.118,LAX,North America,Los Angeles,183 ms
104.21.58.20,LAX,North America,Los Angeles,183 ms
104.20.122.148,LAX,North America,Los Angeles,183 ms
172.67.198.153,LAX,North America,Los Angeles,183 ms
104.20.106.39,LAX,North America,Los Angeles,183 ms
104.20.5.82,LAX,North America,Los Angeles,183 ms
104.21.212.85,LAX,North America,Los Angeles,183 ms
104.27.121.73,LAX,North America,Los Angeles,184 ms
104.27.120.74,LAX,North America,Los Angeles,184 ms
172.67.49.16,LAX,North America,Los Angeles,184 ms
104.20.96.246,LAX,North America,Los Angeles,184 ms
104.25.151.97,LAX,North America,Los Angeles,184 ms
104.25.92.128,LAX,North America,Los Angeles,184 ms
104.19.29.205,LAX,North America,Los Angeles,184 ms
104.27.192.87,LAX,North America,Los Angeles,184 ms
104.20.34.33,LAX,North America,Los Angeles,184 ms
104.19.22.217,LAX,North America,Los Angeles,184 ms
172.67.194.66,LAX,North America,Los Angeles,184 ms
104.21.15.178,LAX,North America,Los Angeles,184 ms
104.25.5.253,LAX,North America,Los Angeles,184 ms
172.66.217.212,LAX,North America,Los Angeles,184 ms
104.22.32.154,LAX,North America,Los Angeles,184 ms
172.67.123.123,LAX,North America,Los Angeles,184 ms
172.67.207.8,LAX,North America,Los Angeles,184 ms
162.159.33.150,LAX,North America,Los Angeles,184 ms
104.20.88.73,LAX,North America,Los Angeles,184 ms
104.20.72.92,LAX,North America,Los Angeles,184 ms
104.20.150.231,LAX,North America,Los Angeles,184 ms
104.20.79.82,LAX,North America,Los Angeles,184 ms
172.66.207.249,LAX,North America,Los Angeles,184 ms
104.25.110.69,LAX,North America,Los Angeles,184 ms
104.19.115.180,LAX,North America,Los Angeles,184 ms
104.20.236.8,LAX,North America,Los Angeles,184 ms
104.19.61.24,LAX,North America,Los Angeles,184 ms
104.19.2.69,LAX,North America,Los Angeles,184 ms
172.67.191.95,LAX,North America,Los Angeles,184 ms
104.19.84.90,LAX,North America,Los Angeles,184 ms
104.25.12.58,LAX,North America,Los Angeles,184 ms
172.67.56.109,LAX,North America,Los Angeles,184 ms
172.66.0.51,LAX,North America,Los Angeles,184 ms
104.19.24.67,LAX,North America,Los Angeles,184 ms
104.27.2.10,LAX,North America,Los Angeles,184 ms
104.24.179.14,LAX,North America,Los Angeles,184 ms
104.20.80.2,LAX,North America,Los Angeles,184 ms
104.21.13.87,LAX,North America,Los Angeles,184 ms
104.20.6.97,LAX,North America,Los Angeles,184 ms
104.20.43.126,LAX,North America,Los Angeles,184 ms
104.24.8.74,LAX,North America,Los Angeles,184 ms
172.67.126.232,LAX,North America,Los Angeles,184 ms
104.20.108.240,LAX,North America,Los Angeles,184 ms
104.19.195.199,LAX,North America,Los Angeles,184 ms
104.24.188.13,LAX,North America,Los Angeles,184 ms
172.67.204.34,LAX,North America,Los Angeles,184 ms
104.20.25.173,LAX,North America,Los Angeles,184 ms
104.19.37.186,LAX,North America,Los Angeles,184 ms
172.67.62.47,LAX,North America,Los Angeles,184 ms
104.19.52.249,LAX,North America,Los Angeles,184 ms
104.24.82.206,LAX,North America,Los Angeles,184 ms
162.159.246.13,LAX,North America,Los Angeles,184 ms
172.67.224.28,LAX,North America,Los Angeles,184 ms
104.24.212.205,LAX,North America,Los Angeles,184 ms
104.20.145.80,LAX,North America,Los Angeles,184 ms
104.19.71.202,LAX,North America,Los Angeles,184 ms
172.67.117.133,LAX,North America,Los Angeles,185 ms
104.21.9.117,LAX,North America,Los Angeles,185 ms
104.20.82.166,LAX,North America,Los Angeles,185 ms
104.20.181.131,LAX,North America,Los Angeles,185 ms
104.25.1.45,LAX,North America,Los Angeles,185 ms
104.20.104.177,LAX,North America,Los Angeles,185 ms
104.25.144.137,LAX,North America,Los Angeles,185 ms
104.27.13.46,LAX,North America,Los Angeles,185 ms
104.27.65.93,LAX,North America,Los Angeles,185 ms
104.20.10.122,LAX,North America,Los Angeles,185 ms
104.22.73.12,LAX,North America,Los Angeles,185 ms
104.25.78.237,LAX,North America,Los Angeles,185 ms
172.67.103.45,LAX,North America,Los Angeles,185 ms
104.24.23.122,LAX,North America,Los Angeles,185 ms
104.24.223.60,LAX,North America,Los Angeles,185 ms
104.24.0.142,LAX,North America,Los Angeles,185 ms
172.67.122.115,LAX,North America,Los Angeles,185 ms
104.24.153.101,LAX,North America,Los Angeles,185 ms
104.24.80.16,LAX,North America,Los Angeles,185 ms
104.24.169.117,LAX,North America,Los Angeles,185 ms
104.20.100.169,LAX,North America,Los Angeles,185 ms
104.20.47.196,LAX,North America,Los Angeles,185 ms
104.24.213.160,LAX,North America,Los Angeles,185 ms
172.67.121.36,LAX,North America,Los Angeles,185 ms
104.21.111.51,LAX,North America,Los Angeles,185 ms
172.67.41.166,LAX,North America,Los Angeles,185 ms
172.67.182.89,LAX,North America,Los Angeles,185 ms
104.25.207.47,LAX,North America,Los Angeles,185 ms
104.27.201.213,LAX,North America,Los Angeles,185 ms
104.19.59.91,LAX,North America,Los Angeles,185 ms
104.24.203.130,LAX,North America,Los Angeles,185 ms
104.21.99.0,LAX,North America,Los Angeles,185 ms
104.27.122.149,LAX,North America,Los Angeles,185 ms
104.24.141.117,LAX,North America,Los Angeles,185 ms
172.67.27.31,LAX,North America,Los Angeles,185 ms
104.20.180.53,LAX,North America,Los Angeles,185 ms
172.67.127.79,LAX,North America,Los Angeles,185 ms
104.25.75.88,LAX,North America,Los Angeles,185 ms
172.67.81.198,LAX,North America,Los Angeles,185 ms
104.22.77.127,LAX,North America,Los Angeles,185 ms
104.27.49.48,LAX,North America,Los Angeles,185 ms
104.21.218.83,LAX,North America,Los Angeles,185 ms
104.19.119.88,LAX,North America,Los Angeles,185 ms
104.25.20.167,LAX,North America,Los Angeles,185 ms
172.67.53.13,LAX,North America,Los Angeles,185 ms
104.24.161.208,LAX,North America,Los Angeles,185 ms
104.20.255.157,LAX,North America,Los Angeles,185 ms
104.24.222.142,LAX,North America,Los Angeles,185 ms
162.159.44.37,LAX,North America,Los Angeles,185 ms
104.20.205.36,LAX,North America,Los Angeles,186 ms
172.67.239.92,LAX,North America,Los Angeles,186 ms
104.25.220.244,LAX,North America,Los Angeles,186 ms
104.19.28.14,LAX,North America,Los Angeles,186 ms
172.67.120.240,LAX,North America,Los Angeles,186 ms
172.67.16.78,LAX,North America,Los Angeles,186 ms
104.27.200.246,LAX,North America,Los Angeles,186 ms
104.19.206.60,LAX,North America,Los Angeles,186 ms
172.67.232.2,LAX,North America,Los Angeles,186 ms
172.67.195.97,LAX,North America,Los Angeles,186 ms
104.24.201.209,LAX,North America,Los Angeles,186 ms
104.24.84.88,LAX,North America,Los Angeles,186 ms
104.27.39.4,LAX,North America,Los Angeles,186 ms
104.21.203.105,LAX,North America,Los Angeles,186 ms
104.19.70.2,LAX,North America,Los Angeles,186 ms
104.25.86.128,LAX,North America,Los Angeles,186 ms
104.27.28.77,LAX,North America,Los Angeles,186 ms
104.21.48.206,LAX,North America,Los Angeles,186 ms
104.24.177.201,LAX,North America,Los Angeles,186 ms
104.24.13.90,LAX,North America,Los Angeles,186 ms
172.67.92.4,LAX,North America,Los Angeles,186 ms
104.21.122.177,LAX,North America,Los Angeles,186 ms
104.20.141.176,LAX,North America,Los Angeles,186 ms
104.25.61.115,LAX,North America,Los Angeles,186 ms
104.25.99.135,LAX,North America,Los Angeles,186 ms
104.25.139.255,LAX,North America,Los Angeles,186 ms
104.20.135.188,LAX,North America,Los Angeles,186 ms
104.25.18.174,LAX,North America,Los Angeles,186 ms
104.21.104.112,LAX,North America,Los Angeles,186 ms
104.19.81.177,LAX,North America,Los Angeles,186 ms
104.19.47.96,LAX,North America,Los Angeles,186 ms
104.21.14.202,LAX,North America,Los Angeles,186 ms
104.19.45.212,LAX,North America,Los Angeles,186 ms
104.20.169.9,LAX,North America,Los Angeles,186 ms
104.24.178.21,LAX,North America,Los Angeles,186 ms
104.21.207.199,LAX,North America,Los Angeles,186 ms
104.21.118.89,LAX,North America,Los Angeles,186 ms
104.19.91.44,LAX,North America,Los Angeles,186 ms
104.27.97.222,LAX,North America,Los Angeles,186 ms
162.159.41.178,LAX,North America,Los Angeles,186 ms
104.25.55.247,LAX,North America,Los Angeles,186 ms
104.20.163.205,LAX,North America,Los Angeles,186 ms
104.24.83.89,LAX,North America,Los Angeles,186 ms
172.66.209.126,LAX,North America,Los Angeles,186 ms
104.21.125.0,LAX,North America,Los Angeles,186 ms
104.27.117.22,LAX,North America,Los Angeles,186 ms
104.27.88.72,LAX,North America,Los Angeles,186 ms
104.27.66.115,LAX,North America,Los Angeles,186 ms
104.20.155.164,LAX,North America,Los Angeles,186 ms
104.27.124.207,LAX,North America,Los Angeles,186 ms
104.22.74.207,LAX,North America,Los Angeles,186 ms
104.21.208.68,LAX,North America,Los Angeles,186 ms
104.20.201.147,LAX,North America,Los Angeles,186 ms
172.67.241.97,LAX,North America,Los Angeles,186 ms
104.19.1.205,LAX,North America,Los Angeles,186 ms
104.19.27.128,LAX,North America,Los Angeles,186 ms
104.27.103.71,LAX,North America,Los Angeles,186 ms
172.67.255.70,LAX,North America,Los Angeles,186 ms
104.25.224.90,LAX,North America,Los Angeles,186 ms
104.25.143.15,LAX,North America,Los Angeles,187 ms
172.66.157.55,LAX,North America,Los Angeles,187 ms
104.25.175.188,LAX,North America,Los Angeles,187 ms
104.24.73.226,LAX,North America,Los Angeles,187 ms
162.159.4.167,LAX,North America,Los Angeles,187 ms
104.25.70.199,LAX,North America,Los Angeles,187 ms
104.20.197.233,LAX,North America,Los Angeles,187 ms
172.67.199.219,LAX,North America,Los Angeles,187 ms
104.21.61.182,LAX,North America,Los Angeles,187 ms
104.25.103.228,LAX,North America,Los Angeles,187 ms
104.25.91.12,LAX,North America,Los Angeles,187 ms
104.25.162.51,LAX,North America,Los Angeles,187 ms
104.20.15.45,LAX,North America,Los Angeles,187 ms
104.20.174.42,LAX,North America,Los Angeles,187 ms
104.25.46.178,LAX,North America,Los Angeles,187 ms
104.20.162.101,LAX,North America,Los Angeles,187 ms
104.25.176.107,LAX,North America,Los Angeles,187 ms
104.25.22.132,LAX,North America,Los Angeles,187 ms
104.20.249.143,LAX,North America,Los Angeles,187 ms
104.24.92.22,LAX,North America,Los Angeles,187 ms
104.20.75.45,LAX,North America,Los Angeles,187 ms
162.159.206.101,LAX,North America,Los Angeles,187 ms
104.21.110.151,LAX,North America,Los Angeles,187 ms
104.20.124.59,LAX,North America,Los Angeles,187 ms
172.67.61.151,LAX,North America,Los Angeles,187 ms
104.21.52.213,LAX,North America,Los Angeles,187 ms
104.24.45.75,LAX,North America,Los Angeles,187 ms
104.27.106.127,LAX,North America,Los Angeles,187 ms
104.24.242.230,LAX,North America,Los Angeles,187 ms
104.24.186.131,LAX,North America,Los Angeles,187 ms
104.24.163.47,LAX,North America,Los Angeles,187 ms
162.159.21.108,LAX,North America,Los Angeles,187 ms
172.67.52.218,LAX,North America,Los Angeles,187 ms
104.20.254.57,LAX,North America,Los Angeles,187 ms
104.20.212.13,LAX,North America,Los Angeles,187 ms
104.19.32.89,LAX,North America,Los Angeles,187 ms
104.25.230.10,LAX,North America,Los Angeles,187 ms
104.24.78.50,LAX,North America,Los Angeles,187 ms
104.20.9.52,LAX,North America,Los Angeles,187 ms
104.24.155.43,LAX,North America,Los Angeles,187 ms
104.25.80.105,LAX,North America,Los Angeles,187 ms
172.67.99.12,LAX,North America,Los Angeles,187 ms
172.67.237.168,LAX,North America,Los Angeles,187 ms
104.24.207.250,LAX,North America,Los Angeles,187 ms
104.20.172.235,LAX,North America,Los Angeles,187 ms
104.24.94.28,LAX,North America,Los Angeles,187 ms
104.20.109.21,LAX,North America,Los Angeles,187 ms
104.20.171.140,LAX,North America,Los Angeles,187 ms
172.67.60.173,LAX,North America,Los Angeles,187 ms
104.20.248.122,LAX,North America,Los Angeles,187 ms
104.22.15.245,SJC,North America,San Jose,187 ms
104.24.129.106,LAX,North America,Los Angeles,187 ms
104.25.71.81,LAX,North America,Los Angeles,187 ms
104.24.170.162,LAX,North America,Los Angeles,187 ms
104.20.206.243,LAX,North America,Los Angeles,187 ms
104.24.140.219,LAX,North America,Los Angeles,187 ms
104.22.41.198,LAX,North America,Los Angeles,187 ms
172.67.91.147,LAX,North America,Los Angeles,188 ms
104.20.101.135,LAX,North America,Los Angeles,188 ms
104.27.24.123,LAX,North America,Los Angeles,188 ms
104.25.238.216,LAX,North America,Los Angeles,188 ms
172.67.90.72,LAX,North America,Los Angeles,188 ms
104.24.58.9,LAX,North America,Los Angeles,188 ms
104.27.70.135,LAX,North America,Los Angeles,188 ms
104.27.69.255,LAX,North America,Los Angeles,188 ms
104.21.211.137,LAX,North America,Los Angeles,188 ms
104.18.41.168,LAX,North America,Los Angeles,188 ms
172.67.31.73,LAX,North America,Los Angeles,188 ms
172.67.44.91,LAX,North America,Los Angeles,188 ms
104.27.58.94,LAX,North America,Los Angeles,188 ms
172.67.116.137,LAX,North America,Los Angeles,188 ms
104.25.196.6,LAX,North America,Los Angeles,188 ms
104.25.96.182,LAX,North America,Los Angeles,188 ms
104.24.246.117,LAX,North America,Los Angeles,188 ms
104.24.30.97,LAX,North America,Los Angeles,188 ms
104.25.108.205,LAX,North America,Los Angeles,188 ms
104.27.40.208,LAX,North America,Los Angeles,188 ms
172.67.59.7,LAX,North America,Los Angeles,188 ms
104.24.142.92,LAX,North America,Los Angeles,188 ms
104.20.202.253,LAX,North America,Los Angeles,188 ms
104.27.73.245,LAX,North America,Los Angeles,188 ms
104.25.59.230,LAX,North America,Los Angeles,188 ms
104.19.26.221,LAX,North America,Los Angeles,188 ms
104.20.133.40,LAX,North America,Los Angeles,188 ms
104.19.100.184,LAX,North America,Los Angeles,188 ms
104.27.53.2,LAX,North America,Los Angeles,188 ms
104.24.18.75,LAX,North America,Los Angeles,188 ms
104.19.97.53,LAX,North America,Los Angeles,188 ms
104.19.35.70,LAX,North America,Los Angeles,188 ms
104.20.118.16,LAX,North America,Los Angeles,188 ms
104.21.114.100,LAX,North America,Los Angeles,188 ms
172.67.231.205,LAX,North America,Los Angeles,188 ms
162.159.240.208,LAX,North America,Los Angeles,188 ms
104.25.199.25,LAX,North America,Los Angeles,188 ms
104.20.26.155,LAX,North America,Los Angeles,188 ms
104.20.36.161,LAX,North America,Los Angeles,188 ms
104.24.66.26,LAX,North America,Los Angeles,188 ms
104.24.67.49,LAX,North America,Los Angeles,188 ms
104.25.140.29,LAX,North America,Los Angeles,188 ms
172.67.96.212,LAX,North America,Los Angeles,188 ms
172.66.214.62,LAX,North America,Los Angeles,188 ms
104.20.69.135,LAX,North America,Los Angeles,188 ms
104.20.213.129,LAX,North America,Los Angeles,188 ms
104.25.53.5,LAX,North America,Los Angeles,188 ms
162.159.10.21,LAX,North America,Los Angeles,188 ms
104.24.41.55,LAX,North America,Los Angeles,189 ms
104.19.101.158,LAX,North America,Los Angeles,189 ms
172.66.162.184,LAX,North America,Los Angeles,189 ms
172.66.164.8,LAX,North America,Los Angeles,189 ms
104.24.184.157,LAX,North America,Los Angeles,189 ms
104.25.148.233,LAX,North America,Los Angeles,189 ms
104.25.167.52,LAX,North America,Los Angeles,189 ms
104.21.217.94,LAX,North America,Los Angeles,189 ms
162.159.0.121,LAX,North America,Los Angeles,189 ms
172.67.93.253,LAX,North America,Los Angeles,189 ms
104.25.111.19,LAX,North America,Los Angeles,189 ms
104.20.65.99,LAX,North America,Los Angeles,189 ms
104.24.146.31,LAX,North America,Los Angeles,189 ms
104.21.196.31,LAX,North America,Los Angeles,189 ms
172.67.203.235,LAX,North America,Los Angeles,189 ms
104.18.51.25,LAX,North America,Los Angeles,189 ms
162.159.48.186,LAX,North America,Los Angeles,189 ms
104.19.86.193,LAX,North America,Los Angeles,189 ms
104.27.37.53,LAX,North America,Los Angeles,189 ms
104.21.126.115,LAX,North America,Los Angeles,189 ms
104.20.24.144,LAX,North America,Los Angeles,189 ms
162.159.251.187,LAX,North America,Los Angeles,189 ms
104.22.30.31,SJC,North America,San Jose,189 ms
104.20.200.32,LAX,North America,Los Angeles,189 ms
104.25.0.203,LAX,North America,Los Angeles,189 ms
162.159.3.109,LAX,North America,Los Angeles,189 ms
104.20.164.207,LAX,North America,Los Angeles,189 ms
162.159.14.206,LAX,North America,Los Angeles,189 ms
104.24.167.74,LAX,North America,Los Angeles,189 ms
104.25.130.23,LAX,North America,Los Angeles,189 ms
104.19.0.2,LAX,North America,Los Angeles,189 ms
104.20.23.161,LAX,North America,Los Angeles,189 ms
104.22.45.95,LAX,North America,Los Angeles,189 ms
104.27.126.96,LAX,North America,Los Angeles,189 ms
104.20.97.211,LAX,North America,Los Angeles,189 ms
104.24.145.200,LAX,North America,Los Angeles,189 ms
104.25.33.27,LAX,North America,Los Angeles,189 ms
104.19.105.17,LAX,North America,Los Angeles,189 ms
104.24.224.197,LAX,North America,Los Angeles,189 ms
104.24.11.143,LAX,North America,Los Angeles,189 ms
104.20.131.120,LAX,North America,Los Angeles,189 ms
104.25.90.184,LAX,North America,Los Angeles,189 ms
162.159.16.58,LAX,North America,Los Angeles,189 ms
104.19.25.44,LAX,North America,Los Angeles,189 ms
104.20.168.242,LAX,North America,Los Angeles,189 ms
104.20.244.147,LAX,North America,Los Angeles,190 ms
104.27.9.0,LAX,North America,Los Angeles,190 ms
104.27.56.93,LAX,North America,Los Angeles,190 ms
104.20.102.243,LAX,North America,Los Angeles,190 ms
104.24.255.216,LAX,North America,Los Angeles,190 ms
104.27.199.240,LAX,North America,Los Angeles,190 ms
104.20.81.118,LAX,North America,Los Angeles,190 ms
104.27.112.170,LAX,North America,Los Angeles,190 ms
104.25.156.71,LAX,North America,Los Angeles,190 ms
104.20.20.158,LAX,North America,Los Angeles,190 ms
104.24.253.24,LAX,North America,Los Angeles,190 ms
104.20.76.229,LAX,North America,Los Angeles,190 ms
104.20.16.243,LAX,North America,Los Angeles,190 ms
104.19.63.163,LAX,North America,Los Angeles,190 ms
162.159.12.99,LAX,North America,Los Angeles,190 ms
104.27.92.43,LAX,North America,Los Angeles,190 ms
104.19.10.248,LAX,North America,Los Angeles,190 ms
104.20.143.210,LAX,North America,Los Angeles,190 ms
104.19.5.67,LAX,North America,Los Angeles,190 ms
172.66.154.189,LAX,North America,Los Angeles,190 ms
104.20.70.158,LAX,North America,Los Angeles,190 ms
104.21.108.103,LAX,North America,Los Angeles,190 ms
104.25.184.88,LAX,North America,Los Angeles,190 ms
172.67.105.85,LAX,North America,Los Angeles,190 ms
104.22.31.186,SJC,North America,San Jose,190 ms
104.25.222.109,LAX,North America,Los Angeles,190 ms
104.20.192.11,LAX,North America,Los Angeles,190 ms
162.159.255.198,LAX,North America,Los Angeles,190 ms
104.25.229.48,LAX,North America,Los Angeles,190 ms
104.24.44.219,LAX,North America,Los Angeles,190 ms
104.24.160.10,LAX,North America,Los Angeles,190 ms
104.25.85.138,LAX,North America,Los Angeles,190 ms
104.27.104.127,LAX,North America,Los Angeles,190 ms
104.25.32.241,LAX,North America,Los Angeles,190 ms
104.20.245.236,LAX,North America,Los Angeles,190 ms
104.24.248.253,LAX,North America,Los Angeles,190 ms
104.27.125.183,LAX,North America,Los Angeles,190 ms
104.24.198.220,LAX,North America,Los Angeles,190 ms
104.19.103.159,LAX,North America,Los Angeles,190 ms
104.20.17.161,LAX,North America,Los Angeles,190 ms
104.25.155.1,LAX,North America,Los Angeles,190 ms
104.20.113.65,LAX,North America,Los Angeles,190 ms
104.19.121.77,LAX,North America,Los Angeles,190 ms
104.19.123.191,LAX,North America,Los Angeles,190 ms
172.67.125.231,LAX,North America,Los Angeles,190 ms
104.27.206.219,LAX,North America,Los Angeles,190 ms
104.24.27.140,LAX,North America,Los Angeles,190 ms
104.21.199.137,LAX,North America,Los Angeles,190 ms
172.67.108.12,LAX,North America,Los Angeles,190 ms
104.18.35.7,LAX,North America,Los Angeles,190 ms
104.24.48.53,LAX,North America,Los Angeles,190 ms
104.25.44.80,LAX,North America,Los Angeles,190 ms
104.19.69.13,LAX,North America,Los Angeles,191 ms
162.159.1.67,LAX,North America,Los Angeles,191 ms
104.25.112.111,LAX,North America,Los Angeles,191 ms
104.21.98.12,LAX,North America,Los Angeles,191 ms
104.21.50.129,LAX,North America,Los Angeles,191 ms
172.67.50.128,LAX,North America,Los Angeles,191 ms
104.27.3.234,LAX,North America,Los Angeles,191 ms
104.19.207.242,LAX,North America,Los Angeles,191 ms
104.27.68.238,LAX,North America,Los Angeles,191 ms
104.18.33.77,LAX,North America,Los Angeles,191 ms
104.25.97.136,LAX,North America,Los Angeles,191 ms
104.24.74.220,LAX,North America,Los Angeles,191 ms
172.67.176.176,LAX,North America,Los Angeles,191 ms
104.21.100.246,LAX,North America,Los Angeles,191 ms
104.20.67.70,LAX,North America,Los Angeles,191 ms
104.25.100.37,LAX,North America,Los Angeles,191 ms
172.67.85.166,LAX,North America,Los Angeles,191 ms
104.20.203.125,LAX,North America,Los Angeles,191 ms
104.25.131.63,LAX,North America,Los Angeles,191 ms
104.19.87.147,LAX,North America,Los Angeles,191 ms
104.24.190.111,LAX,North America,Los Angeles,191 ms
104.21.56.75,LAX,North America,Los Angeles,191 ms
162.159.40.112,LAX,North America,Los Angeles,191 ms
104.24.168.225,LAX,North America,Los Angeles,191 ms
104.20.208.206,LAX,North America,Los Angeles,191 ms
104.20.93.180,LAX,North America,Los Angeles,191 ms
104.25.205.141,LAX,North America,Los Angeles,191 ms
104.25.204.129,LAX,North America,Los Angeles,191 ms
104.20.253.117,LAX,North America,Los Angeles,191 ms
104.19.34.200,LAX,North America,Los Angeles,191 ms
104.25.42.163,LAX,North America,Los Angeles,191 ms
104.18.46.151,LAX,North America,Los Angeles,191 ms
104.20.64.137,LAX,North America,Los Angeles,191 ms
104.20.189.118,LAX,North America,Los Angeles,191 ms
104.24.237.134,LAX,North America,Los Angeles,191 ms
104.27.22.167,LAX,North America,Los Angeles,191 ms
104.24.181.123,LAX,North America,Los Angeles,191 ms
104.27.31.12,LAX,North America,Los Angeles,191 ms
172.67.45.18,LAX,North America,Los Angeles,191 ms
104.19.75.125,LAX,North America,Los Angeles,191 ms
104.19.126.145,LAX,North America,Los Angeles,191 ms
104.24.36.196,LAX,North America,Los Angeles,191 ms
172.67.58.113,LAX,North America,Los Angeles,191 ms
104.25.181.158,LAX,North America,Los Angeles,191 ms
104.24.42.43,LAX,North America,Los Angeles,191 ms
104.25.74.37,LAX,North America,Los Angeles,191 ms
104.27.36.251,LAX,North America,Los Angeles,191 ms
104.19.54.13,LAX,North America,Los Angeles,191 ms
172.67.179.26,LAX,North America,Los Angeles,191 ms
104.27.109.191,LAX,North America,Los Angeles,191 ms
104.20.22.216,LAX,North America,Los Angeles,191 ms
172.67.254.85,LAX,North America,Los Angeles,191 ms
104.24.195.151,LAX,North America,Los Angeles,192 ms
104.20.183.74,LAX,North America,Los Angeles,192 ms
104.19.65.108,LAX,North America,Los Angeles,192 ms
104.20.38.101,LAX,North America,Los Angeles,192 ms
104.19.104.102,LAX,North America,Los Angeles,192 ms
104.25.21.157,LAX,North America,Los Angeles,192 ms
104.24.202.235,LAX,North America,Los Angeles,192 ms
104.25.226.195,LAX,North America,Los Angeles,192 ms
104.25.160.1,LAX,North America,Los Angeles,192 ms
104.21.205.195,LAX,North America,Los Angeles,192 ms
104.20.194.174,LAX,North America,Los Angeles,192 ms
104.27.102.7,LAX,North America,Los Angeles,192 ms
104.20.223.90,LAX,North America,Los Angeles,192 ms
104.20.222.48,LAX,North America,Los Angeles,192 ms
104.24.37.2,LAX,North America,Los Angeles,192 ms
104.24.38.139,LAX,North America,Los Angeles,192 ms
104.25.163.89,LAX,North America,Los Angeles,192 ms
104.25.56.248,LAX,North America,Los Angeles,192 ms
104.27.76.114,LAX,North America,Los Angeles,192 ms
104.19.111.52,LAX,North America,Los Angeles,192 ms
162.159.5.102,LAX,North America,Los Angeles,192 ms
104.20.73.64,LAX,North America,Los Angeles,192 ms
104.24.193.132,LAX,North America,Los Angeles,192 ms
104.24.50.68,LAX,North America,Los Angeles,192 ms
104.25.23.76,LAX,North America,Los Angeles,192 ms
104.27.105.126,LAX,North America,Los Angeles,192 ms
104.24.54.198,LAX,North America,Los Angeles,192 ms
104.24.64.58,LAX,North America,Los Angeles,192 ms
104.27.118.166,LAX,North America,Los Angeles,192 ms
104.27.107.117,LAX,North America,Los Angeles,192 ms
104.20.196.1,LAX,North America,Los Angeles,192 ms
104.25.25.128,LAX,North America,Los Angeles,192 ms
104.27.15.194,LAX,North America,Los Angeles,192 ms
104.24.68.47,LAX,North America,Los Angeles,192 ms
172.66.136.51,LAX,North America,Los Angeles,192 ms
104.24.136.78,LAX,North America,Los Angeles,192 ms
104.27.23.56,LAX,North America,Los Angeles,192 ms
104.24.9.173,LAX,North America,Los Angeles,192 ms
104.25.185.89,LAX,North America,Los Angeles,192 ms
104.20.207.221,LAX,North America,Los Angeles,192 ms
104.19.95.92,LAX,North America,Los Angeles,192 ms
104.25.125.67,LAX,North America,Los Angeles,192 ms
104.25.126.33,LAX,North America,Los Angeles,192 ms
104.25.39.115,LAX,North America,Los Angeles,192 ms
104.24.24.196,LAX,North America,Los Angeles,192 ms
104.25.69.255,LAX,North America,Los Angeles,192 ms
104.27.44.156,LAX,North America,Los Angeles,192 ms
104.20.234.132,LAX,North America,Los Angeles,193 ms
172.66.159.133,LAX,North America,Los Angeles,193 ms
162.159.243.166,LAX,North America,Los Angeles,193 ms
104.27.26.33,LAX,North America,Los Angeles,193 ms
104.20.21.108,LAX,North America,Los Angeles,193 ms
172.66.210.177,LAX,North America,Los Angeles,193 ms
104.18.23.114,SEA,North America,Seattle,193 ms
172.66.215.17,LAX,North America,Los Angeles,193 ms
162.159.18.34,LAX,North America,Los Angeles,193 ms
104.27.11.243,LAX,North America,Los Angeles,193 ms
104.27.12.125,LAX,North America,Los Angeles,193 ms
104.24.33.165,LAX,North America,Los Angeles,193 ms
104.21.51.191,LAX,North America,Los Angeles,193 ms
104.24.12.48,LAX,North America,Los Angeles,193 ms
104.25.147.60,LAX,North America,Los Angeles,193 ms
104.25.123.104,LAX,North America,Los Angeles,193 ms
104.25.121.46,LAX,North America,Los Angeles,193 ms
104.24.65.109,LAX,North America,Los Angeles,193 ms
172.67.242.157,LAX,North America,Los Angeles,193 ms
172.66.163.118,LAX,North America,Los Angeles,193 ms
104.21.127.13,LAX,North America,Los Angeles,193 ms
104.22.21.108,SJC,North America,San Jose,193 ms
104.24.35.218,LAX,North America,Los Angeles,193 ms
162.159.254.2,LAX,North America,Los Angeles,193 ms
104.25.128.12,LAX,North America,Los Angeles,193 ms
104.20.175.136,LAX,North America,Los Angeles,193 ms
104.25.208.217,LAX,North America,Los Angeles,193 ms
104.27.14.140,LAX,North America,Los Angeles,193 ms
172.67.38.115,LAX,North America,Los Angeles,193 ms
104.25.40.97,LAX,North America,Los Angeles,193 ms
172.67.245.215,LAX,North America,Los Angeles,193 ms
104.27.38.231,LAX,North America,Los Angeles,193 ms
104.24.230.99,LAX,North America,Los Angeles,193 ms
104.27.52.151,LAX,North America,Los Angeles,193 ms
104.21.3.194,LAX,North America,Los Angeles,193 ms
172.67.240.78,LAX,North America,Los Angeles,194 ms
172.66.176.59,LAX,North America,Los Angeles,194 ms
172.67.23.215,LAX,North America,Los Angeles,194 ms
104.24.162.50,LAX,North America,Los Angeles,194 ms
104.19.82.159,LAX,North America,Los Angeles,194 ms
162.159.22.151,LAX,North America,Los Angeles,194 ms
104.25.11.106,LAX,North America,Los Angeles,194 ms
104.25.235.95,LAX,North America,Los Angeles,194 ms
104.22.42.126,LAX,North America,Los Angeles,194 ms
104.25.211.84,LAX,North America,Los Angeles,194 ms
104.24.32.145,LAX,North America,Los Angeles,194 ms
104.20.235.35,LAX,North America,Los Angeles,194 ms
104.27.34.4,LAX,North America,Los Angeles,194 ms
104.20.119.61,LAX,North America,Los Angeles,194 ms
104.21.115.1,LAX,North America,Los Angeles,194 ms
104.25.159.110,LAX,North America,Los Angeles,194 ms
104.19.205.57,LAX,North America,Los Angeles,194 ms
104.24.192.157,LAX,North America,Los Angeles,194 ms
104.27.67.148,LAX,North America,Los Angeles,194 ms
162.159.250.145,LAX,North America,Los Angeles,194 ms
104.22.44.182,LAX,North America,Los Angeles,194 ms
104.25.35.107,LAX,North America,Los Angeles,194 ms
104.25.36.12,LAX,North America,Los Angeles,194 ms
104.24.210.25,LAX,North America,Los Angeles,194 ms
104.25.154.134,LAX,North America,Los Angeles,194 ms
104.25.153.62,LAX,North America,Los Angeles,194 ms
104.27.47.214,LAX,North America,Los Angeles,194 ms
104.21.124.97,LAX,North America,Los Angeles,194 ms
104.19.194.170,LAX,North America,Los Angeles,194 ms
104.25.134.237,LAX,North America,Los Angeles,194 ms
104.24.159.131,LAX,North America,Los Angeles,194 ms
104.24.209.190,LAX,North America,Los Angeles,194 ms
104.24.85.226,LAX,North America,Los Angeles,194 ms
104.19.120.220,LAX,North America,Los Angeles,194 ms
104.27.115.64,LAX,North America,Los Angeles,194 ms
104.18.45.48,LAX,North America,Los Angeles,194 ms
172.67.54.71,LAX,North America,Los Angeles,194 ms
104.18.47.254,LAX,North America,Los Angeles,194 ms
104.25.95.162,LAX,North America,Los Angeles,194 ms
104.21.112.61,LAX,North America,Los Angeles,194 ms
172.67.206.245,LAX,North America,Los Angeles,194 ms
104.20.123.209,LAX,North America,Los Angeles,194 ms
104.20.147.17,LAX,North America,Los Angeles,194 ms
104.25.182.114,LAX,North America,Los Angeles,195 ms
104.25.191.179,LAX,North America,Los Angeles,195 ms
104.20.250.163,LAX,North America,Los Angeles,195 ms
104.21.63.214,LAX,North America,Los Angeles,195 ms
162.159.19.106,LAX,North America,Los Angeles,195 ms
172.66.203.206,LAX,North America,Los Angeles,195 ms
172.66.201.131,LAX,North America,Los Angeles,195 ms
172.66.200.196,LAX,North America,Los Angeles,195 ms
104.19.201.238,LAX,North America,Los Angeles,195 ms
172.66.208.44,LAX,North America,Los Angeles,195 ms
104.22.79.234,LAX,North America,Los Angeles,195 ms
104.19.46.134,LAX,North America,Los Angeles,195 ms
172.66.46.132,SEA,North America,Seattle,195 ms
104.24.25.57,LAX,North America,Los Angeles,195 ms
104.18.10.26,SEA,North America,Seattle,195 ms
104.25.172.170,LAX,North America,Los Angeles,195 ms
104.25.173.100,LAX,North America,Los Angeles,195 ms
104.18.30.201,SEA,North America,Seattle,195 ms
104.20.186.85,LAX,North America,Los Angeles,195 ms
104.21.59.199,LAX,North America,Los Angeles,195 ms
104.25.216.61,LAX,North America,Los Angeles,195 ms
172.66.202.135,LAX,North America,Los Angeles,195 ms
104.21.119.54,LAX,North America,Los Angeles,195 ms
172.66.195.149,LAX,North America,Los Angeles,195 ms
104.27.114.207,LAX,North America,Los Angeles,195 ms
172.67.228.121,LAX,North America,Los Angeles,195 ms
104.25.66.91,LAX,North America,Los Angeles,195 ms
104.19.15.227,LAX,North America,Los Angeles,195 ms
104.22.36.109,LAX,North America,Los Angeles,196 ms
104.22.37.229,LAX,North America,Los Angeles,196 ms
104.20.221.137,LAX,North America,Los Angeles,196 ms
172.67.104.229,LAX,North America,Los Angeles,196 ms
104.18.20.227,SEA,North America,Seattle,196 ms
104.27.207.3,LAX,North America,Los Angeles,196 ms
104.19.20.25,LAX,North America,Los Angeles,196 ms
104.25.186.66,LAX,North America,Los Angeles,196 ms
172.67.63.51,LAX,North America,Los Angeles,196 ms
104.27.83.191,LAX,North America,Los Angeles,196 ms
104.27.17.246,LAX,North America,Los Angeles,196 ms
104.19.51.21,LAX,North America,Los Angeles,196 ms
172.67.235.32,LAX,North America,Los Angeles,196 ms
104.18.13.196,SEA,North America,Seattle,196 ms
172.67.46.250,LAX,North America,Los Angeles,196 ms
104.19.170.212,SEA,North America,Seattle,196 ms
104.25.178.125,LAX,North America,Los Angeles,196 ms
104.24.174.209,LAX,North America,Los Angeles,196 ms
104.25.94.101,LAX,North America,Los Angeles,196 ms
104.27.86.241,LAX,North America,Los Angeles,196 ms
104.27.85.36,LAX,North America,Los Angeles,196 ms
104.25.114.89,LAX,North America,Los Angeles,196 ms
162.159.13.19,LAX,North America,Los Angeles,196 ms
104.25.157.129,LAX,North America,Los Angeles,196 ms
172.67.118.234,LAX,North America,Los Angeles,196 ms
104.19.127.115,LAX,North America,Los Angeles,196 ms
162.159.9.199,LAX,North America,Los Angeles,196 ms
104.24.240.95,LAX,North America,Los Angeles,196 ms
104.25.189.72,LAX,North America,Los Angeles,196 ms
104.25.24.37,LAX,North America,Los Angeles,196 ms
104.25.136.173,LAX,North America,Los Angeles,196 ms
162.159.2.211,LAX,North America,Los Angeles,196 ms
104.25.30.80,LAX,North America,Los Angeles,196 ms
104.25.219.239,LAX,North America,Los Angeles,196 ms
104.19.98.169,LAX,North America,Los Angeles,196 ms
104.18.68.214,SEA,North America,Seattle,196 ms
104.22.70.73,LAX,North America,Los Angeles,196 ms
104.19.78.26,LAX,North America,Los Angeles,197 ms
104.22.6.76,SJC,North America,San Jose,197 ms
104.18.60.72,LAX,North America,Los Angeles,197 ms
104.17.252.185,SEA,North America,Seattle,197 ms
104.19.14.113,LAX,North America,Los Angeles,197 ms
104.24.218.95,LAX,North America,Los Angeles,197 ms
104.18.71.255,SEA,North America,Seattle,197 ms
104.20.103.221,LAX,North America,Los Angeles,197 ms
172.67.201.78,LAX,North America,Los Angeles,197 ms
104.27.84.217,LAX,North America,Los Angeles,197 ms
104.20.225.121,LAX,North America,Los Angeles,197 ms
104.18.11.144,SEA,North America,Seattle,197 ms
104.24.185.136,LAX,North America,Los Angeles,197 ms
104.20.247.25,LAX,North America,Los Angeles,197 ms
104.24.180.46,LAX,North America,Los Angeles,197 ms
104.19.171.204,SEA,North America,Seattle,197 ms
104.20.217.239,LAX,North America,Los Angeles,197 ms
162.159.43.162,SEA,North America,Seattle,197 ms
172.67.188.224,LAX,North America,Los Angeles,197 ms
104.27.51.69,LAX,North America,Los Angeles,197 ms
104.25.221.113,LAX,North America,Los Angeles,198 ms
104.19.93.64,LAX,North America,Los Angeles,198 ms
104.25.47.166,LAX,North America,Los Angeles,198 ms
172.67.192.73,LAX,North America,Los Angeles,198 ms
104.27.32.243,LAX,North America,Los Angeles,198 ms
172.67.226.69,LAX,North America,Los Angeles,198 ms
104.20.219.66,LAX,North America,Los Angeles,198 ms
104.27.48.15,LAX,North America,Los Angeles,198 ms
104.21.219.21,LAX,North America,Los Angeles,198 ms
104.19.55.29,LAX,North America,Los Angeles,198 ms
104.22.0.111,SJC,North America,San Jose,198 ms
172.66.213.195,LAX,North America,Los Angeles,198 ms
104.27.89.234,LAX,North America,Los Angeles,198 ms
104.20.107.147,LAX,North America,Los Angeles,198 ms
104.19.165.245,SEA,North America,Seattle,198 ms
104.24.79.236,LAX,North America,Los Angeles,198 ms
104.25.165.22,LAX,North America,Los Angeles,198 ms
104.20.94.244,LAX,North America,Los Angeles,198 ms
104.21.204.200,LAX,North America,Los Angeles,198 ms
104.19.42.232,LAX,North America,Los Angeles,198 ms
104.19.43.71,LAX,North America,Los Angeles,198 ms
104.18.21.195,SEA,North America,Seattle,199 ms
104.25.120.245,LAX,North America,Los Angeles,199 ms
104.24.197.208,LAX,North America,Los Angeles,199 ms
104.18.185.149,SEA,North America,Seattle,199 ms
104.17.234.228,SEA,North America,Seattle,199 ms
162.159.244.193,LAX,North America,Los Angeles,199 ms
104.20.33.19,LAX,North America,Los Angeles,199 ms
104.19.116.218,LAX,North America,Los Angeles,199 ms
104.19.167.95,SEA,North America,Seattle,199 ms
104.24.55.149,LAX,North America,Los Angeles,199 ms
172.67.234.36,LAX,North America,Los Angeles,199 ms
104.19.12.174,LAX,North America,Los Angeles,199 ms
104.24.232.159,LAX,North America,Los Angeles,199 ms
104.18.14.215,SEA,North America,Seattle,199 ms
172.66.128.76,LAX,North America,Los Angeles,199 ms
104.27.197.127,LAX,North America,Los Angeles,199 ms
104.19.108.20,LAX,North America,Los Angeles,199 ms
172.67.86.210,LAX,North America,Los Angeles,199 ms
104.25.180.96,LAX,North America,Los Angeles,199 ms
104.20.32.134,LAX,North America,Los Angeles,199 ms
162.159.58.123,LAX,North America,Los Angeles,199 ms
104.20.229.232,LAX,North America,Los Angeles,199 ms
172.67.147.102,SEA,North America,Seattle,199 ms
104.18.25.169,SEA,North America,Seattle,199 ms
162.159.6.27,LAX,North America,Los Angeles,200 ms
104.18.7.223,SEA,North America,Seattle,200 ms
104.22.12.217,SJC,North America,San Jose,200 ms
104.19.9.8,LAX,North America,Los Angeles,200 ms
172.67.36.143,LAX,North America,Los Angeles,200 ms
104.24.204.75,LAX,North America,Los Angeles,200 ms
104.21.8.174,LAX,North America,Los Angeles,200 ms
172.67.32.234,LAX,North America,Los Angeles,200 ms
172.66.216.86,LAX,North America,Los Angeles,200 ms
172.67.43.211,LAX,North America,Los Angeles,200 ms
104.20.132.16,LAX,North America,Los Angeles,200 ms
172.67.30.30,LAX,North America,Los Angeles,200 ms
104.24.151.175,LAX,North America,Los Angeles,200 ms
104.21.22.65,SEA,North America,Seattle,200 ms
104.17.227.17,SEA,North America,Seattle,200 ms
104.24.93.79,LAX,North America,Los Angeles,200 ms
104.25.168.187,LAX,North America,Los Angeles,201 ms
172.66.206.36,LAX,North America,Los Angeles,201 ms
104.25.43.4,LAX,North America,Los Angeles,201 ms
104.22.34.49,LAX,North America,Los Angeles,201 ms
104.18.27.131,SEA,North America,Seattle,201 ms
104.21.30.173,SEA,North America,Seattle,201 ms
104.21.4.25,LAX,North America,Los Angeles,201 ms
172.67.71.189,SEA,North America,Seattle,201 ms
104.18.17.71,SEA,North America,Seattle,201 ms
104.18.29.123,SEA,North America,Seattle,201 ms
104.18.188.1,SEA,North America,Seattle,201 ms
172.67.67.80,SEA,North America,Seattle,201 ms
104.19.57.135,LAX,North America,Los Angeles,202 ms
104.21.1.158,LAX,North America,Los Angeles,202 ms
104.19.160.45,SEA,North America,Seattle,202 ms
104.16.63.87,SEA,North America,Seattle,202 ms
104.17.233.63,SEA,North America,Seattle,202 ms
104.18.19.6,SEA,North America,Seattle,202 ms
162.159.35.237,SEA,North America,Seattle,202 ms
104.25.239.129,LAX,North America,Los Angeles,202 ms
104.24.165.53,LAX,North America,Los Angeles,202 ms
172.66.44.195,SEA,North America,Seattle,202 ms
104.19.163.176,SEA,North America,Seattle,202 ms
172.66.47.152,SEA,North America,Seattle,202 ms
104.17.250.32,SEA,North America,Seattle,202 ms
104.24.228.50,LAX,North America,Los Angeles,202 ms
162.159.196.29,LAX,North America,Los Angeles,202 ms
104.18.28.25,SEA,North America,Seattle,202 ms
172.66.45.175,SEA,North America,Seattle,202 ms
172.66.40.216,SEA,North America,Seattle,202 ms
172.66.43.229,SEA,North America,Seattle,202 ms
104.21.96.31,LAX,North America,Los Angeles,203 ms
104.20.77.154,LAX,North America,Los Angeles,203 ms
104.16.38.53,SEA,North America,Seattle,203 ms
104.21.7.93,LAX,North America,Los Angeles,203 ms
104.19.102.41,LAX,North America,Los Angeles,203 ms
104.16.13.118,SEA,North America,Seattle,203 ms
104.19.175.71,SEA,North America,Seattle,203 ms
104.27.61.72,LAX,North America,Los Angeles,203 ms
104.20.154.10,LAX,North America,Los Angeles,203 ms
104.17.254.188,SEA,North America,Seattle,203 ms
172.67.150.191,SEA,North America,Seattle,203 ms
104.27.196.48,LAX,North America,Los Angeles,203 ms
104.19.169.202,SEA,North America,Seattle,203 ms
104.18.15.115,SEA,North America,Seattle,203 ms
104.18.65.232,SEA,North America,Seattle,203 ms
104.18.8.28,SEA,North America,Seattle,203 ms
172.66.175.174,LAX,North America,Los Angeles,203 ms
172.66.172.2,LAX,North America,Los Angeles,203 ms
172.66.173.127,LAX,North America,Los Angeles,203 ms
104.16.44.145,SEA,North America,Seattle,203 ms
172.67.174.43,SEA,North America,Seattle,203 ms
104.19.110.146,LAX,North America,Los Angeles,204 ms
104.18.18.117,SEA,North America,Seattle,204 ms
104.19.80.101,LAX,North America,Los Angeles,204 ms
104.17.239.2,SEA,North America,Seattle,204 ms
104.21.62.100,LAX,North America,Los Angeles,204 ms
104.24.31.200,LAX,North America,Los Angeles,204 ms
104.19.92.61,LAX,North America,Los Angeles,204 ms
172.67.158.170,SEA,North America,Seattle,204 ms
104.22.35.19,LAX,North America,Los Angeles,204 ms
172.67.167.121,SEA,North America,Seattle,204 ms
104.18.26.63,SEA,North America,Seattle,204 ms
104.18.6.45,SEA,North America,Seattle,204 ms
104.17.16.209,SEA,North America,Seattle,204 ms
172.66.144.38,LAX,North America,Los Angeles,204 ms
172.66.145.175,LAX,North America,Los Angeles,204 ms
172.66.146.104,LAX,North America,Los Angeles,204 ms
104.19.168.183,SEA,North America,Seattle,204 ms
172.66.205.130,LAX,North America,Los Angeles,204 ms
172.67.238.209,LAX,North America,Los Angeles,204 ms
104.18.69.1,SEA,North America,Seattle,204 ms
104.18.66.176,SEA,North America,Seattle,204 ms
104.18.2.109,SEA,North America,Seattle,204 ms
162.159.42.98,SEA,North America,Seattle,204 ms
104.17.242.176,SEA,North America,Seattle,204 ms
104.18.67.54,SEA,North America,Seattle,204 ms
104.18.187.115,SEA,North America,Seattle,205 ms
172.67.76.154,SEA,North America,Seattle,205 ms
104.18.78.8,SEA,North America,Seattle,205 ms
104.19.133.75,LAX,North America,Los Angeles,205 ms
172.66.153.236,LAX,North America,Los Angeles,205 ms
172.66.151.11,LAX,North America,Los Angeles,205 ms
104.18.22.139,SEA,North America,Seattle,205 ms
104.17.251.97,SEA,North America,Seattle,205 ms
104.19.172.19,SEA,North America,Seattle,205 ms
172.67.83.116,LAX,North America,Los Angeles,205 ms
104.21.19.251,SEA,North America,Seattle,205 ms
104.27.195.231,LAX,North America,Los Angeles,205 ms
104.26.9.230,SEA,North America,Seattle,205 ms
104.17.240.23,SEA,North America,Seattle,205 ms
104.18.24.20,SEA,North America,Seattle,205 ms
172.66.148.201,LAX,North America,Los Angeles,205 ms
172.66.152.242,LAX,North America,Los Angeles,205 ms
104.17.228.150,SEA,North America,Seattle,205 ms
104.25.150.38,LAX,North America,Los Angeles,205 ms
172.66.131.5,LAX,North America,Los Angeles,205 ms
104.24.20.87,LAX,North America,Los Angeles,205 ms
104.26.8.172,SEA,North America,Seattle,206 ms
172.67.156.116,SEA,North America,Seattle,206 ms
104.18.0.18,SEA,North America,Seattle,206 ms
104.17.245.249,SEA,North America,Seattle,206 ms
104.17.238.56,SEA,North America,Seattle,206 ms
104.25.3.9,LAX,North America,Los Angeles,206 ms
104.17.231.66,SEA,North America,Seattle,206 ms
104.18.189.131,SEA,North America,Seattle,206 ms
172.66.42.94,SEA,North America,Seattle,207 ms
104.17.243.57,SEA,North America,Seattle,207 ms
104.18.1.146,SEA,North America,Seattle,207 ms
104.17.23.255,SEA,North America,Seattle,207 ms
104.21.231.32,SEA,North America,Seattle,207 ms
104.24.75.248,LAX,North America,Los Angeles,207 ms
104.24.72.142,LAX,North America,Los Angeles,207 ms
172.67.172.41,SEA,North America,Seattle,207 ms
104.20.28.57,LAX,North America,Los Angeles,207 ms
104.17.244.12,SEA,North America,Seattle,207 ms
104.21.224.170,SEA,North America,Seattle,208 ms
104.17.229.129,SEA,North America,Seattle,208 ms
104.27.19.150,LAX,North America,Los Angeles,208 ms
172.67.74.119,SEA,North America,Seattle,208 ms
104.25.102.66,LAX,North America,Los Angeles,208 ms
104.25.107.109,LAX,North America,Los Angeles,208 ms
104.18.31.66,SEA,North America,Seattle,208 ms
104.19.162.132,SEA,North America,Seattle,208 ms
104.17.236.114,SEA,North America,Seattle,208 ms
104.21.238.8,SEA,North America,Seattle,208 ms
172.67.157.112,SEA,North America,Seattle,208 ms
104.25.236.4,LAX,North America,Los Angeles,208 ms
172.67.72.10,SEA,North America,Seattle,209 ms
172.67.66.232,SEA,North America,Seattle,209 ms
104.19.76.247,LAX,North America,Los Angeles,209 ms
172.67.175.246,SEA,North America,Seattle,209 ms
104.17.247.34,SEA,North America,Seattle,209 ms
104.18.4.150,SEA,North America,Seattle,209 ms
104.25.203.49,LAX,North America,Los Angeles,209 ms
172.66.156.151,LAX,North America,Los Angeles,209 ms
104.17.20.213,SEA,North America,Seattle,209 ms
104.16.4.52,SEA,North America,Seattle,209 ms
172.67.160.244,SEA,North America,Seattle,209 ms
104.19.137.168,LAX,North America,Los Angeles,209 ms
172.66.41.124,SEA,North America,Seattle,209 ms
104.18.184.218,SEA,North America,Seattle,209 ms
172.66.132.74,LAX,North America,Los Angeles,210 ms
172.67.146.250,SEA,North America,Seattle,210 ms
104.19.16.63,LAX,North America,Los Angeles,210 ms
104.19.132.107,LAX,North America,Los Angeles,210 ms
104.17.237.137,SEA,North America,Seattle,210 ms
172.66.197.183,LAX,North America,Los Angeles,210 ms
172.66.198.223,LAX,North America,Los Angeles,210 ms
172.66.196.154,LAX,North America,Los Angeles,210 ms
104.19.143.126,LAX,North America,Los Angeles,210 ms
104.17.232.62,SEA,North America,Seattle,210 ms
104.22.62.166,SEA,North America,Seattle,210 ms
104.17.226.141,SEA,North America,Seattle,210 ms
104.17.225.41,SEA,North America,Seattle,210 ms
104.18.5.144,SEA,North America,Seattle,210 ms
104.16.36.205,SEA,North America,Seattle,211 ms
104.16.48.232,SEA,North America,Seattle,211 ms
104.21.0.66,LAX,North America,Los Angeles,211 ms
172.66.129.142,LAX,North America,Los Angeles,211 ms
104.21.2.207,LAX,North America,Los Angeles,211 ms
172.67.173.97,SEA,North America,Seattle,211 ms
104.16.46.244,SEA,North America,Seattle,211 ms
104.16.52.247,SEA,North America,Seattle,211 ms
172.66.130.39,LAX,North America,Los Angeles,211 ms
104.19.174.212,SEA,North America,Seattle,211 ms
104.16.32.189,SEA,North America,Seattle,211 ms
104.16.42.21,SEA,North America,Seattle,211 ms
104.16.35.240,SEA,North America,Seattle,211 ms
104.16.39.184,SEA,North America,Seattle,211 ms
104.21.27.124,SEA,North America,Seattle,212 ms
104.17.241.94,SEA,North America,Seattle,212 ms
104.18.183.239,SEA,North America,Seattle,212 ms
104.18.16.214,SEA,North America,Seattle,212 ms
104.16.50.58,SEA,North America,Seattle,212 ms
104.16.11.101,SEA,North America,Seattle,212 ms
172.66.147.110,LAX,North America,Los Angeles,212 ms
104.16.1.226,SEA,North America,Seattle,212 ms
104.17.224.72,SEA,North America,Seattle,212 ms
104.17.31.98,SEA,North America,Seattle,212 ms
104.17.29.247,SEA,North America,Seattle,213 ms
104.18.178.215,SEA,North America,Seattle,213 ms
104.25.4.242,LAX,North America,Los Angeles,213 ms
104.17.249.126,SEA,North America,Seattle,213 ms
104.16.3.11,SEA,North America,Seattle,213 ms
104.19.128.129,LAX,North America,Los Angeles,213 ms
104.16.6.164,SEA,North America,Seattle,214 ms
104.17.230.142,SEA,North America,Seattle,214 ms
104.16.62.207,SEA,North America,Seattle,214 ms
104.21.227.150,SEA,North America,Seattle,214 ms
104.17.235.23,SEA,North America,Seattle,214 ms
104.17.17.247,SEA,North America,Seattle,214 ms
104.21.18.34,SEA,North America,Seattle,214 ms
104.24.208.242,LAX,North America,Los Angeles,214 ms
104.26.5.233,SEA,North America,Seattle,214 ms
104.16.5.242,SEA,North America,Seattle,214 ms
104.17.27.187,SEA,North America,Seattle,215 ms
104.17.22.145,SEA,North America,Seattle,215 ms
104.16.12.139,SEA,North America,Seattle,215 ms
104.16.41.212,SEA,North America,Seattle,215 ms
104.17.246.66,SEA,North America,Seattle,215 ms
104.19.138.91,LAX,North America,Los Angeles,215 ms
104.19.30.15,LAX,North America,Los Angeles,215 ms
104.17.28.79,SEA,North America,Seattle,215 ms
104.17.30.190,SEA,North America,Seattle,215 ms
104.16.37.161,SEA,North America,Seattle,216 ms
104.19.197.114,LAX,North America,Los Angeles,216 ms
104.19.139.71,LAX,North America,Los Angeles,216 ms
104.19.164.105,SEA,North America,Seattle,216 ms
104.17.18.40,SEA,North America,Seattle,216 ms
104.19.235.1,FRA,Europe,Frankfurt,217 ms
104.19.134.27,LAX,North America,Los Angeles,217 ms
104.16.43.241,SEA,North America,Seattle,217 ms
104.26.15.110,SEA,North America,Seattle,217 ms
104.27.46.241,LAX,North America,Los Angeles,217 ms
104.19.130.10,LAX,North America,Los Angeles,218 ms
104.19.73.99,LAX,North America,Los Angeles,218 ms
104.16.53.184,SEA,North America,Seattle,218 ms
104.16.59.102,SEA,North America,Seattle,218 ms
104.16.45.35,SEA,North America,Seattle,218 ms
104.16.40.20,SEA,North America,Seattle,218 ms
104.16.49.55,SEA,North America,Seattle,218 ms
104.22.49.17,SEA,North America,Seattle,219 ms
104.18.12.174,SEA,North America,Seattle,219 ms
104.16.57.134,SEA,North America,Seattle,221 ms
104.19.229.123,FRA,Europe,Frankfurt,222 ms
104.18.190.222,SEA,North America,Seattle,222 ms
104.21.237.80,SEA,North America,Seattle,223 ms
104.22.63.73,SEA,North America,Seattle,223 ms
104.17.25.214,SEA,North America,Seattle,223 ms
104.26.1.216,SEA,North America,Seattle,223 ms
104.16.7.200,SEA,North America,Seattle,223 ms
104.16.55.132,SEA,North America,Seattle,223 ms
104.16.51.248,SEA,North America,Seattle,223 ms
104.16.58.155,SEA,North America,Seattle,223 ms
104.16.61.113,SEA,North America,Seattle,223 ms
104.16.60.255,SEA,North America,Seattle,223 ms
104.16.56.78,SEA,North America,Seattle,223 ms
104.16.34.120,SEA,North America,Seattle,224 ms
104.16.47.180,SEA,North America,Seattle,224 ms
104.19.173.82,SEA,North America,Seattle,225 ms
104.19.230.15,FRA,Europe,Frankfurt,225 ms
104.21.233.237,SEA,North America,Seattle,225 ms
104.19.238.98,FRA,Europe,Frankfurt,226 ms
172.66.193.104,LAX,North America,Los Angeles,226 ms
104.19.224.215,FRA,Europe,Frankfurt,227 ms
104.16.54.17,SEA,North America,Seattle,227 ms
104.19.237.78,FRA,Europe,Frankfurt,228 ms
104.16.33.101,SEA,North America,Seattle,231 ms
172.66.138.170,LAX,North America,Los Angeles,231 ms
104.16.69.102,SJC,North America,San Jose,234 ms
172.66.143.33,LAX,North America,Los Angeles,235 ms
172.66.192.73,LAX,North America,Los Angeles,235 ms
172.66.142.213,LAX,North America,Los Angeles,235 ms
172.66.139.105,LAX,North America,Los Angeles,235 ms
172.66.167.8,LAX,North America,Los Angeles,241 ms
172.66.169.22,LAX,North America,Los Angeles,241 ms
172.66.31.9,IAD,North America,Ashburn,248 ms
104.21.26.167,SEA,North America,Seattle,255 ms
104.20.63.206,FRA,Europe,Frankfurt,255 ms
104.20.57.170,FRA,Europe,Frankfurt,257 ms
104.20.56.69,FRA,Europe,Frankfurt,258 ms
104.18.254.108,SJC,North America,San Jose,258 ms
104.20.48.167,FRA,Europe,Frankfurt,259 ms
104.20.59.199,FRA,Europe,Frankfurt,259 ms
104.20.55.173,FRA,Europe,Frankfurt,260 ms
104.20.53.151,FRA,Europe,Frankfurt,260 ms
104.20.58.63,FRA,Europe,Frankfurt,261 ms
104.20.62.86,FRA,Europe,Frankfurt,263 ms
104.20.51.169,FRA,Europe,Frankfurt,263 ms
172.67.154.163,SEA,North America,Seattle,264 ms
104.20.60.146,FRA,Europe,Frankfurt,264 ms
104.20.61.87,FRA,Europe,Frankfurt,265 ms
104.21.230.106,SEA,North America,Seattle,265 ms
172.67.164.15,SEA,North America,Seattle,268 ms
104.18.122.198,FRA,Europe,Frankfurt,268 ms
104.22.16.247,SJC,North America,San Jose,269 ms
104.19.236.140,FRA,Europe,Frankfurt,270 ms
104.19.239.53,FRA,Europe,Frankfurt,270 ms
172.67.169.39,SEA,North America,Seattle,271 ms
104.19.228.234,FRA,Europe,Frankfurt,272 ms
104.18.118.143,FRA,Europe,Frankfurt,273 ms
104.21.23.59,SEA,North America,Seattle,274 ms
104.19.233.133,FRA,Europe,Frankfurt,275 ms
172.67.162.82,SEA,North America,Seattle,275 ms
104.21.28.35,SEA,North America,Seattle,276 ms
104.21.232.138,SEA,North America,Seattle,276 ms
104.19.232.89,FRA,Europe,Frankfurt,278 ms
104.19.226.62,FRA,Europe,Frankfurt,278 ms
104.19.225.41,FRA,Europe,Frankfurt,278 ms
104.18.125.89,FRA,Europe,Frankfurt,278 ms
172.67.145.69,SEA,North America,Seattle,279 ms
172.67.149.152,SEA,North America,Seattle,280 ms
104.18.121.139,FRA,Europe,Frankfurt,280 ms
104.18.117.69,FRA,Europe,Frankfurt,281 ms
104.18.115.66,FRA,Europe,Frankfurt,281 ms
172.67.155.215,SEA,North America,Seattle,282 ms
104.18.113.5,FRA,Europe,Frankfurt,283 ms
104.26.6.155,SEA,North America,Seattle,284 ms
172.67.10.77,FRA,Europe,Frankfurt,284 ms
104.21.20.206,SEA,North America,Seattle,285 ms
104.16.138.213,FRA,Europe,Frankfurt,286 ms
104.26.3.59,SEA,North America,Seattle,286 ms
104.26.12.3,SEA,North America,Seattle,286 ms
172.67.11.112,FRA,Europe,Frankfurt,287 ms
172.67.170.79,SEA,North America,Seattle,288 ms
104.26.7.243,SEA,North America,Seattle,288 ms
162.159.153.56,FRA,Europe,Frankfurt,291 ms
104.16.111.57,FRA,Europe,Frankfurt,291 ms
104.16.137.7,FRA,Europe,Frankfurt,291 ms
104.16.141.166,FRA,Europe,Frankfurt,291 ms
104.21.16.56,SEA,North America,Seattle,292 ms
172.67.6.165,FRA,Europe,Frankfurt,292 ms
172.67.14.172,FRA,Europe,Frankfurt,293 ms
104.26.14.110,SEA,North America,Seattle,294 ms
104.16.107.129,FRA,Europe,Frankfurt,294 ms
104.16.130.67,FRA,Europe,Frankfurt,294 ms
162.159.135.28,FRA,Europe,Frankfurt,295 ms
104.26.0.224,SEA,North America,Seattle,296 ms
104.16.128.219,FRA,Europe,Frankfurt,296 ms
104.16.110.129,FRA,Europe,Frankfurt,298 ms
172.67.70.107,SEA,North America,Seattle,299 ms
104.22.53.253,SEA,North America,Seattle,300 ms
104.16.129.248,FRA,Europe,Frankfurt,300 ms
104.22.57.185,SEA,North America,Seattle,301 ms
172.67.9.121,FRA,Europe,Frankfurt,301 ms
172.67.7.228,FRA,Europe,Frankfurt,301 ms
104.16.106.175,FRA,Europe,Frankfurt,302 ms
104.22.55.100,SEA,North America,Seattle,303 ms
104.16.105.198,FRA,Europe,Frankfurt,303 ms
104.21.235.107,SEA,North America,Seattle,303 ms
172.67.5.33,FRA,Europe,Frankfurt,303 ms
104.26.2.103,SEA,North America,Seattle,304 ms
162.159.134.174,FRA,Europe,Frankfurt,304 ms
162.159.136.142,FRA,Europe,Frankfurt,304 ms
104.16.131.0,FRA,Europe,Frankfurt,308 ms
104.16.109.84,FRA,Europe,Frankfurt,308 ms
162.159.130.214,FRA,Europe,Frankfurt,308 ms
104.16.136.50,FRA,Europe,Frankfurt,308 ms
162.159.138.119,FRA,Europe,Frankfurt,309 ms
104.20.54.181,FRA,Europe,Frankfurt,309 ms
104.21.24.247,SEA,North America,Seattle,310 ms
104.18.126.76,FRA,Europe,Frankfurt,310 ms
104.16.103.57,FRA,Europe,Frankfurt,312 ms
104.16.133.145,FRA,Europe,Frankfurt,312 ms
162.159.140.123,FRA,Europe,Frankfurt,312 ms
104.16.132.104,FRA,Europe,Frankfurt,312 ms
104.18.114.138,FRA,Europe,Frankfurt,313 ms
172.67.1.18,FRA,Europe,Frankfurt,313 ms
172.67.2.237,FRA,Europe,Frankfurt,313 ms
104.18.240.126,SJC,North America,San Jose,313 ms
162.159.141.15,FRA,Europe,Frankfurt,313 ms
162.159.142.63,FRA,Europe,Frankfurt,313 ms
104.18.127.246,FRA,Europe,Frankfurt,314 ms
104.16.100.106,FRA,Europe,Frankfurt,315 ms
172.67.138.238,FRA,Europe,Frankfurt,315 ms
104.21.29.130,SEA,North America,Seattle,315 ms
172.67.130.21,FRA,Europe,Frankfurt,315 ms
172.67.137.49,FRA,Europe,Frankfurt,316 ms
172.67.133.78,FRA,Europe,Frankfurt,316 ms
104.26.13.234,SEA,North America,Seattle,316 ms
104.16.140.102,FRA,Europe,Frankfurt,316 ms
162.159.160.43,FRA,Europe,Frankfurt,316 ms
172.67.0.170,FRA,Europe,Frankfurt,317 ms
172.67.166.65,SEA,North America,Seattle,317 ms
104.16.143.251,FRA,Europe,Frankfurt,317 ms
172.67.78.186,SEA,North America,Seattle,318 ms
104.16.142.50,FRA,Europe,Frankfurt,318 ms
172.67.64.102,SEA,North America,Seattle,318 ms
104.26.10.138,SEA,North America,Seattle,318 ms
104.21.31.114,SEA,North America,Seattle,319 ms
172.67.77.39,SEA,North America,Seattle,319 ms
104.16.101.15,FRA,Europe,Frankfurt,320 ms
104.21.21.254,SEA,North America,Seattle,320 ms
104.16.139.206,FRA,Europe,Frankfurt,320 ms
104.18.112.1,FRA,Europe,Frankfurt,321 ms
172.67.75.42,SEA,North America,Seattle,321 ms
172.67.65.124,SEA,North America,Seattle,322 ms
172.67.165.38,SEA,North America,Seattle,322 ms
104.21.17.106,SEA,North America,Seattle,322 ms
104.18.120.203,FRA,Europe,Frankfurt,322 ms
172.67.152.160,SEA,North America,Seattle,323 ms
172.67.148.87,SEA,North America,Seattle,323 ms
104.18.124.115,FRA,Europe,Frankfurt,323 ms
104.18.123.160,FRA,Europe,Frankfurt,323 ms
172.67.8.229,FRA,Europe,Frankfurt,323 ms
172.67.136.70,FRA,Europe,Frankfurt,323 ms
172.67.68.237,SEA,North America,Seattle,324 ms
104.18.219.250,SJC,North America,San Jose,324 ms
172.67.73.220,SEA,North America,Seattle,325 ms
172.67.135.29,FRA,Europe,Frankfurt,325 ms
162.159.133.150,FRA,Europe,Frankfurt,326 ms
162.159.129.34,FRA,Europe,Frankfurt,326 ms
104.18.119.199,FRA,Europe,Frankfurt,326 ms
172.67.132.172,FRA,Europe,Frankfurt,326 ms
104.20.50.3,FRA,Europe,Frankfurt,327 ms
172.67.142.246,FRA,Europe,Frankfurt,327 ms
104.18.116.183,FRA,Europe,Frankfurt,327 ms
172.67.79.185,SEA,North America,Seattle,328 ms
162.159.152.155,FRA,Europe,Frankfurt,328 ms
104.16.108.109,FRA,Europe,Frankfurt,328 ms
172.67.129.226,FRA,Europe,Frankfurt,328 ms
172.67.168.239,SEA,North America,Seattle,329 ms
172.67.139.145,FRA,Europe,Frankfurt,329 ms
172.67.12.143,FRA,Europe,Frankfurt,329 ms
104.18.63.21,SEA,North America,Seattle,329 ms
172.67.134.130,FRA,Europe,Frankfurt,330 ms
104.22.61.149,SEA,North America,Seattle,330 ms
104.22.56.93,SEA,North America,Seattle,331 ms
172.67.141.62,FRA,Europe,Frankfurt,331 ms
172.67.131.230,FRA,Europe,Frankfurt,331 ms
104.16.99.11,FRA,Europe,Frankfurt,332 ms
104.22.52.129,SEA,North America,Seattle,332 ms
104.21.239.6,SEA,North America,Seattle,332 ms
104.16.134.143,FRA,Europe,Frankfurt,332 ms
104.21.236.78,SEA,North America,Seattle,333 ms
172.67.4.83,FRA,Europe,Frankfurt,333 ms
104.22.51.70,SEA,North America,Seattle,333 ms
172.67.144.88,SEA,North America,Seattle,333 ms
104.22.48.85,SEA,North America,Seattle,335 ms
104.21.234.54,SEA,North America,Seattle,337 ms
172.67.3.40,FRA,Europe,Frankfurt,340 ms
162.159.143.41,FRA,Europe,Frankfurt,342 ms
104.16.96.145,FRA,Europe,Frankfurt,344 ms
104.22.58.239,SEA,North America,Seattle,346 ms
104.18.195.8,SJC,North America,San Jose,353 ms
104.16.234.47,SJC,North America,San Jose,358 ms
104.17.79.193,SJC,North America,San Jose,360 ms
104.22.27.183,SJC,North America,San Jose,363 ms
104.17.77.246,SJC,North America,San Jose,363 ms
104.17.78.140,SJC,North America,San Jose,363 ms
104.16.191.75,SJC,North America,San Jose,363 ms
104.22.26.123,SJC,North America,San Jose,366 ms
104.22.2.120,SJC,North America,San Jose,366 ms
104.16.83.234,SJC,North America,San Jose,370 ms
104.16.87.73,SJC,North America,San Jose,372 ms
104.22.28.88,SJC,North America,San Jose,374 ms
104.16.170.162,SJC,North America,San Jose,375 ms
104.17.42.221,SJC,North America,San Jose,375 ms
104.17.43.208,SJC,North America,San Jose,376 ms
104.16.21.44,SJC,North America,San Jose,378 ms
104.22.20.95,SJC,North America,San Jose,378 ms
104.16.18.96,SJC,North America,San Jose,379 ms
104.16.173.76,SJC,North America,San Jose,380 ms
104.16.158.176,SJC,North America,San Jose,384 ms
104.17.95.121,SJC,North America,San Jose,386 ms
104.16.172.14,SJC,North America,San Jose,388 ms
104.16.217.237,SJC,North America,San Jose,396 ms
104.19.223.40,SJC,North America,San Jose,399 ms
104.19.179.58,SJC,North America,San Jose,401 ms
172.66.177.64,LAX,North America,Los Angeles,402 ms
104.18.171.47,SJC,North America,San Jose,403 ms
104.16.177.127,SJC,North America,San Jose,404 ms
104.17.56.38,SJC,North America,San Jose,410 ms
104.18.146.239,SJC,North America,San Jose,412 ms
104.18.193.203,SJC,North America,San Jose,416 ms
104.17.73.138,SJC,North America,San Jose,417 ms
104.18.135.184,SJC,North America,San Jose,418 ms
104.17.66.253,SJC,North America,San Jose,422 ms
104.17.0.83,SJC,North America,San Jose,423 ms
104.17.169.30,SJC,North America,San Jose,425 ms
104.22.25.174,SJC,North America,San Jose,426 ms
104.17.65.60,SJC,North America,San Jose,429 ms
104.17.57.203,SJC,North America,San Jose,430 ms
104.17.3.212,SJC,North America,San Jose,430 ms
104.19.245.77,SJC,North America,San Jose,433 ms
104.18.210.254,SJC,North America,San Jose,433 ms
104.18.83.10,SJC,North America,San Jose,434 ms
104.18.241.119,SJC,North America,San Jose,436 ms
104.16.155.95,SJC,North America,San Jose,437 ms
104.18.99.84,SJC,North America,San Jose,438 ms
104.18.136.229,SJC,North America,San Jose,439 ms
104.16.212.215,SJC,North America,San Jose,439 ms
104.16.249.22,SJC,North America,San Jose,439 ms
104.16.196.208,SJC,North America,San Jose,439 ms
104.16.148.129,SJC,North America,San Jose,440 ms
104.16.151.116,SJC,North America,San Jose,440 ms
104.16.164.230,SJC,North America,San Jose,440 ms
104.16.145.253,SJC,North America,San Jose,440 ms
104.17.60.96,SJC,North America,San Jose,440 ms
104.16.147.247,SJC,North America,San Jose,440 ms
104.17.85.21,SJC,North America,San Jose,441 ms
104.17.114.102,SJC,North America,San Jose,441 ms
104.16.154.199,SJC,North America,San Jose,441 ms
104.16.223.10,SJC,North America,San Jose,441 ms
104.16.252.166,SJC,North America,San Jose,441 ms
104.16.150.184,SJC,North America,San Jose,442 ms
104.16.208.150,SJC,North America,San Jose,442 ms
104.22.29.118,SJC,North America,San Jose,442 ms
104.18.220.128,SJC,North America,San Jose,442 ms
104.18.110.46,SJC,North America,San Jose,443 ms
104.16.214.4,SJC,North America,San Jose,443 ms
104.16.215.176,SJC,North America,San Jose,443 ms
104.16.218.146,SJC,North America,San Jose,443 ms
104.18.85.132,SJC,North America,San Jose,444 ms
104.18.248.155,SJC,North America,San Jose,444 ms
104.18.98.222,SJC,North America,San Jose,444 ms
104.18.128.30,SJC,North America,San Jose,444 ms
104.16.116.153,SJC,North America,San Jose,444 ms
104.17.71.228,SJC,North America,San Jose,444 ms
104.16.227.211,SJC,North America,San Jose,445 ms
104.16.209.148,SJC,North America,San Jose,445 ms
104.18.199.231,SJC,North America,San Jose,445 ms
104.16.161.0,SJC,North America,San Jose,445 ms
104.19.181.157,SJC,North America,San Jose,445 ms
104.19.216.16,SJC,North America,San Jose,446 ms
104.17.153.203,SJC,North America,San Jose,446 ms
104.16.245.35,SJC,North America,San Jose,446 ms
104.18.141.225,SJC,North America,San Jose,446 ms
104.18.192.124,SJC,North America,San Jose,446 ms
104.16.226.43,SJC,North America,San Jose,446 ms
104.16.200.141,SJC,North America,San Jose,446 ms
104.18.132.239,SJC,North America,San Jose,446 ms
104.16.242.67,SJC,North America,San Jose,447 ms
104.16.235.89,SJC,North America,San Jose,447 ms
104.16.124.35,SJC,North America,San Jose,447 ms
104.18.213.141,SJC,North America,San Jose,447 ms
104.17.5.173,SJC,North America,San Jose,447 ms
104.16.159.226,SJC,North America,San Jose,447 ms
104.19.247.183,SJC,North America,San Jose,447 ms
104.18.165.190,SJC,North America,San Jose,447 ms
104.19.144.214,SJC,North America,San Jose,447 ms
104.16.228.73,SJC,North America,San Jose,447 ms
104.16.231.111,SJC,North America,San Jose,447 ms
104.16.165.32,SJC,North America,San Jose,448 ms
104.16.166.54,SJC,North America,San Jose,448 ms
104.17.150.25,SJC,North America,San Jose,448 ms
104.17.39.213,SJC,North America,San Jose,448 ms
104.18.251.202,SJC,North America,San Jose,448 ms
104.17.151.164,SJC,North America,San Jose,448 ms
104.17.189.11,SJC,North America,San Jose,448 ms
104.17.74.192,SJC,North America,San Jose,448 ms
104.18.242.33,SJC,North America,San Jose,448 ms
104.19.190.220,SJC,North America,San Jose,448 ms
104.18.172.163,SJC,North America,San Jose,449 ms
104.16.194.138,SJC,North America,San Jose,449 ms
104.17.90.149,SJC,North America,San Jose,449 ms
104.16.189.125,SJC,North America,San Jose,449 ms
104.16.202.238,SJC,North America,San Jose,449 ms
104.16.203.63,SJC,North America,San Jose,449 ms
104.16.119.20,SJC,North America,San Jose,449 ms
104.17.206.189,SJC,North America,San Jose,449 ms
104.18.103.5,SJC,North America,San Jose,449 ms
104.16.156.229,SJC,North America,San Jose,449 ms
104.16.122.100,SJC,North America,San Jose,450 ms
104.16.213.241,SJC,North America,San Jose,450 ms
104.17.118.164,SJC,North America,San Jose,450 ms
104.18.255.245,SJC,North America,San Jose,450 ms
104.17.94.178,SJC,North America,San Jose,450 ms
104.16.221.113,SJC,North America,San Jose,450 ms
104.19.240.134,SJC,North America,San Jose,450 ms
104.18.222.166,SJC,North America,San Jose,450 ms
104.22.23.138,SJC,North America,San Jose,450 ms
104.16.187.192,SJC,North America,San Jose,450 ms
104.16.121.123,SJC,North America,San Jose,450 ms
104.16.206.187,SJC,North America,San Jose,451 ms
104.18.223.152,SJC,North America,San Jose,451 ms
104.17.112.19,SJC,North America,San Jose,451 ms
104.19.178.253,SJC,North America,San Jose,451 ms
104.18.138.25,SJC,North America,San Jose,451 ms
104.16.126.253,SJC,North America,San Jose,451 ms
104.18.204.231,SJC,North America,San Jose,451 ms
104.18.217.107,SJC,North America,San Jose,451 ms
104.18.245.79,SJC,North America,San Jose,451 ms
104.18.104.204,SJC,North America,San Jose,451 ms
104.16.237.149,SJC,North America,San Jose,452 ms
104.17.87.148,SJC,North America,San Jose,452 ms
104.16.144.88,SJC,North America,San Jose,452 ms
104.17.7.164,SJC,North America,San Jose,452 ms
104.17.158.152,SJC,North America,San Jose,452 ms
104.17.117.147,SJC,North America,San Jose,452 ms
104.16.254.211,SJC,North America,San Jose,452 ms
104.18.216.102,SJC,North America,San Jose,452 ms
104.19.244.207,SJC,North America,San Jose,453 ms
104.16.192.134,SJC,North America,San Jose,453 ms
104.16.232.232,SJC,North America,San Jose,453 ms
104.19.241.216,SJC,North America,San Jose,453 ms
104.17.88.144,SJC,North America,San Jose,454 ms
104.19.185.220,SJC,North America,San Jose,454 ms
104.19.188.246,SJC,North America,San Jose,454 ms
104.17.172.1,SJC,North America,San Jose,454 ms
104.19.253.122,SJC,North America,San Jose,454 ms
104.17.149.217,SJC,North America,San Jose,454 ms
104.17.100.240,SJC,North America,San Jose,454 ms
104.17.89.10,SJC,North America,San Jose,454 ms
104.16.125.100,SJC,North America,San Jose,454 ms
104.22.5.204,SJC,North America,San Jose,454 ms
104.16.181.226,SJC,North America,San Jose,454 ms
104.18.209.114,SJC,North America,San Jose,454 ms
104.17.109.201,SJC,North America,San Jose,454 ms
104.16.238.235,SJC,North America,San Jose,454 ms
104.19.176.188,SJC,North America,San Jose,455 ms
104.16.157.232,SJC,North America,San Jose,455 ms
104.16.168.150,SJC,North America,San Jose,455 ms
104.17.126.8,SJC,North America,San Jose,455 ms
104.17.93.198,SJC,North America,San Jose,455 ms
104.16.16.234,SJC,North America,San Jose,455 ms
104.16.247.191,SJC,North America,San Jose,455 ms
104.16.20.59,SJC,North America,San Jose,455 ms
104.16.113.147,SJC,North America,San Jose,455 ms
104.16.149.186,SJC,North America,San Jose,456 ms
104.17.46.152,SJC,North America,San Jose,456 ms
104.17.215.251,SJC,North America,San Jose,456 ms
104.19.242.42,SJC,North America,San Jose,456 ms
104.16.176.39,SJC,North America,San Jose,456 ms
104.16.64.27,SJC,North America,San Jose,456 ms
104.16.115.90,SJC,North America,San Jose,456 ms
104.17.123.163,SJC,North America,San Jose,456 ms
104.19.249.145,SJC,North America,San Jose,456 ms
104.16.160.188,SJC,North America,San Jose,457 ms
104.17.92.200,SJC,North America,San Jose,457 ms
104.17.144.143,SJC,North America,San Jose,457 ms
104.18.215.139,SJC,North America,San Jose,457 ms
104.18.133.46,SJC,North America,San Jose,457 ms
104.16.22.84,SJC,North America,San Jose,457 ms
104.17.72.93,SJC,North America,San Jose,457 ms
104.19.191.200,SJC,North America,San Jose,457 ms
104.19.255.24,SJC,North America,San Jose,457 ms
104.16.25.153,SJC,North America,San Jose,458 ms
104.18.129.140,SJC,North America,San Jose,458 ms
104.17.75.220,SJC,North America,San Jose,458 ms
104.17.55.126,SJC,North America,San Jose,458 ms
104.18.155.29,SJC,North America,San Jose,458 ms
104.18.130.101,SJC,North America,San Jose,458 ms
104.16.195.128,SJC,North America,San Jose,458 ms
104.18.196.95,SJC,North America,San Jose,458 ms
104.16.183.72,SJC,North America,San Jose,459 ms
104.18.250.158,SJC,North America,San Jose,459 ms
104.16.201.176,SJC,North America,San Jose,459 ms
104.16.190.31,SJC,North America,San Jose,459 ms
104.17.68.193,SJC,North America,San Jose,459 ms
104.16.30.76,SJC,North America,San Jose,459 ms
104.16.86.29,SJC,North America,San Jose,459 ms
104.17.33.228,SJC,North America,San Jose,460 ms
104.17.190.225,SJC,North America,San Jose,460 ms
104.16.66.126,SJC,North America,San Jose,460 ms
104.17.152.117,SJC,North America,San Jose,460 ms
104.18.131.52,SJC,North America,San Jose,460 ms
104.17.115.78,SJC,North America,San Jose,460 ms
104.17.136.93,SJC,North America,San Jose,460 ms
104.16.175.150,SJC,North America,San Jose,460 ms
104.16.112.254,SJC,North America,San Jose,460 ms
104.18.137.73,SJC,North America,San Jose,461 ms
104.17.122.203,SJC,North America,San Jose,461 ms
104.18.96.163,SJC,North America,San Jose,461 ms
104.17.44.128,SJC,North America,San Jose,461 ms
104.19.250.94,SJC,North America,San Jose,461 ms
104.17.156.60,SJC,North America,San Jose,461 ms
104.18.101.199,SJC,North America,San Jose,462 ms
104.16.169.59,SJC,North America,San Jose,462 ms
104.17.64.35,SJC,North America,San Jose,462 ms
104.17.80.94,SJC,North America,San Jose,462 ms
104.16.114.136,SJC,North America,San Jose,462 ms
104.16.207.10,SJC,North America,San Jose,462 ms
104.16.225.200,SJC,North America,San Jose,462 ms
104.16.153.88,SJC,North America,San Jose,462 ms
104.16.193.230,SJC,North America,San Jose,463 ms
104.18.228.51,SJC,North America,San Jose,463 ms
104.17.145.237,SJC,North America,San Jose,463 ms
104.17.161.237,SJC,North America,San Jose,463 ms
104.18.205.42,SJC,North America,San Jose,463 ms
104.17.119.16,SJC,North America,San Jose,463 ms
104.19.254.210,SJC,North America,San Jose,463 ms
104.17.131.203,SJC,North America,San Jose,464 ms
104.16.224.11,SJC,North America,San Jose,464 ms
104.16.185.99,SJC,North America,San Jose,465 ms
104.16.117.139,SJC,North America,San Jose,465 ms
104.19.189.86,SJC,North America,San Jose,465 ms
104.17.67.102,SJC,North America,San Jose,465 ms
104.18.147.65,SJC,North America,San Jose,466 ms
104.17.154.142,SJC,North America,San Jose,466 ms
104.17.6.161,SJC,North America,San Jose,466 ms
104.16.24.192,SJC,North America,San Jose,466 ms
104.17.11.233,SJC,North America,San Jose,467 ms
104.16.184.164,SJC,North America,San Jose,468 ms
104.18.249.6,SJC,North America,San Jose,468 ms
104.16.88.103,SJC,North America,San Jose,469 ms
104.16.75.114,SJC,North America,San Jose,469 ms
104.16.93.140,SJC,North America,San Jose,470 ms
104.16.84.135,SJC,North America,San Jose,470 ms
104.16.180.35,SJC,North America,San Jose,470 ms
104.16.81.30,SJC,North America,San Jose,470 ms
104.16.65.117,SJC,North America,San Jose,471 ms
104.17.69.39,SJC,North America,San Jose,473 ms
104.17.50.16,SJC,North America,San Jose,474 ms
104.16.17.135,SJC,North America,San Jose,474 ms
104.16.78.37,SJC,North America,San Jose,475 ms
104.16.73.162,SJC,North America,San Jose,475 ms
104.16.79.221,SJC,North America,San Jose,475 ms
104.18.200.92,SJC,North America,San Jose,475 ms
104.17.49.224,SJC,North America,San Jose,476 ms
104.16.179.38,SJC,North America,San Jose,476 ms
104.16.92.218,SJC,North America,San Jose,476 ms
104.16.70.173,SJC,North America,San Jose,477 ms
104.16.77.70,SJC,North America,San Jose,477 ms
104.16.71.51,SJC,North America,San Jose,480 ms
104.16.23.179,SJC,North America,San Jose,480 ms
104.22.14.188,SJC,North America,San Jose,481 ms
104.17.81.210,SJC,North America,San Jose,483 ms
104.22.7.95,SJC,North America,San Jose,484 ms
104.22.9.79,SJC,North America,San Jose,484 ms
104.17.120.52,SJC,North America,San Jose,491 ms
104.17.15.46,SJC,North America,San Jose,492 ms
104.17.13.138,SJC,North America,San Jose,493 ms
104.17.47.183,SJC,North America,San Jose,493 ms
104.17.121.40,SJC,North America,San Jose,500 ms
104.22.22.122,SJC,North America,San Jose,515 ms
104.22.13.233,SJC,North America,San Jose,561 ms
172.67.221.169,SJC,North America,San Jose,594 ms
104.21.73.64,SJC,North America,San Jose,635 ms
104.22.19.219,SJC,North America,San Jose,668 ms
104.22.4.184,SJC,North America,San Jose,677 ms
104.22.17.64,SJC,North America,San Jose,678 ms
172.67.211.137,SJC,North America,San Jose,688 ms
104.21.95.30,SJC,North America,San Jose,692 ms
104.19.141.11,SJC,North America,San Jose,695 ms
104.21.78.253,SJC,North America,San Jose,695 ms
104.21.66.220,SJC,North America,San Jose,785 ms
104.21.67.54,SJC,North America,San Jose,788 ms
172.67.223.51,SJC,North America,San Jose,809 ms
172.67.222.119,SJC,North America,San Jose,810 ms
104.21.85.141,SJC,North America,San Jose,834 ms
104.18.91.20,SJC,North America,San Jose,189 ms
104.16.54.212,SEA,North America,Seattle,240 ms
104.17.247.90,SEA,North America,Seattle,241 ms
104.17.251.246,SEA,North America,Seattle,245 ms
104.17.21.106,SEA,North America,Seattle,265 ms
104.20.62.45,FRA,Europe,Frankfurt,294 ms
162.159.135.186,FRA,Europe,Frankfurt,308 ms
104.18.90.101,HKG,Asia Pacific,Hong Kong,33 ms
104.18.169.233,HKG,Asia Pacific,Hong Kong,48 ms
104.18.144.135,HKG,Asia Pacific,Hong Kong,48 ms
